ResourceAgencyNum,MailingPostalCode,Latitude,Longitude,PublicName,EligibilityAdult,EligibilityChild,EligibilityFamily,EligibilityFemale,EligibilityMale,EligibilityTeen
12431971,N3Y 1S8,42.8350463,-80.3109824,Community Addiction and Mental Health Services Of Haldimand And Norfolk - Substance Abuse Counselling at Community Addiction and Mental Health Services of Haldimand and Norfolk - West Street Clinic,False,False,False,False,False,False
12440254,N7S 1H8,42.9692904,-82.3755363,Rebound - SAFE Program at Sarnia-Lambton Rebound - Sarnia,False,False,False,False,False,False
12824171,L3R 9T3,43.8553275,-79.3575656,York Support Services Network - Mental Health Services at York Support Services Network - South Office,False,False,False,False,False,False
12824170,L3Y 7R6,44.0509412,-79.4806547,York Support Services Network - Mental Health Services at York Support Services Network - Central Office,False,False,False,False,False,False
14473328,N0N 1J0,43.0963933,-82.00253,Rebound - SAFE Program at Sarnia-Lambton Rebound - Forest,False,False,False,False,False,False
14473329,N0N 1R0,42.8818439,-82.1472172,Rebound - SAFE Program at Sarnia-Lambton Rebound - Petrolia,False,False,False,False,False,False
14870818,L9W 1K3,43.9190708,-80.0969651,Wellington-Dufferin-Guelph Public Health Unit - Sexual Health Clinic at Wellington-Dufferin-Guelph Public Health Unit - Orangeville,True,False,True,True,True,True
17186503,K6H 1B4,43.67151142,-79.39245122,Bereaved Families of Ontario - Grief and Loss Support Group for Children at Bereaved Families of Ontario - Cornwall ,False,False,False,False,False,False
17186504,L8L 8E7,43.2342188,-79.8654711,Bereaved Families of Ontario - Grief and Loss Support Group for Children at Bereaved Families of Ontario - South Central,False,False,False,False,False,False
17186508,N6J 2N6,42.9542453,-81.2600894,Bereaved Families of Ontario - Grief and Loss Support Group for Children at Bereaved Families of Ontario - Southwest Region,False,False,False,False,False,False
17186511,K6H 1B4,45.018604,-74.7127187,Bereaved Families of Ontario - Grief and Loss Support Group for Youth at Bereaved Families of Ontario - Cornwall ,False,False,False,False,False,False
17186512,L8L 8E7,43.2342188,-79.8654711,Bereaved Families of Ontario - Grief and Loss Support Group for Youth at Bereaved Families of Ontario - South Central,False,False,False,False,False,False
17186513,N6J 2N6,42.95428,-81.2601734,Bereaved Families of Ontario - Grief and Loss Support Group for Youth at Bereaved Families of Ontario - Southwest Region,False,False,False,False,False,False
17186514,K1R 6H5,45.4136673,-75.7065906,Bereaved Families of Ontario - Grief and Loss Support Group for Youth at Bereaved Families of Ontario - Ottawa,False,False,False,False,False,False
17186516,L3Y 8Z4 ,43.67151142,-79.39245122,Bereaved Families of Ontario - Grief and Loss Support Group for Youth at Bereaved Families of Ontario - York Region ,True,True,True,True,True,True
17186532,L1G 4W5,43.9247705,-78.8754107,Bereaved Families of Ontario - Telephone Support at Bereaved Families of Ontario - Durham Region,False,False,False,False,False,False
17186533,K6H 1B4,45.018604,-74.7127187,Bereaved Families of Ontario - Telephone Support at Bereaved Families of Ontario - Cornwall ,False,False,False,False,False,False
17186522,N2A 4A5,43.67151142,-79.39245122,Bereaved Families of Ontario - Grief and Loss Support Group for Children at Bereaved Families of Ontario - Midwestern Region,False,False,False,False,False,False
17494981,L6W 3P3,43.689244,-79.740778,Rapport Youth and Family Services - Eclypse Youth Drop-In Centre at Rapport Youth and Family Services - Brampton,False,False,False,False,False,False
17494982,L6T 3T6,43.708796,-79.734123,Rapport Youth and Family Services - Eclypse Youth Drop-In Centre at Rapport Youth and Family Services - Bramalea,False,False,False,False,False,False
17696950,K0M 2T0,44.435462,-78.957301,"Point in Time Centre for Children, Youth and Parents - Counselling Services at Point in Time Centre for Children, Youth and Families - Haliburton",False,False,False,False,False,False
17696952,K0M 2K0,45.040085,-78.50949,"Point in Time Centre for Children, Youth and Parents - Counselling Services at Point in Time Centre for Children, Youth and Parents - Minden",False,False,False,False,False,False
17698401,K9A 0C5,43.9672855,-78.16519532,Northumberland Community Counselling Centre - Community Counselling Program at Northumberland Community Counselling Centre - Cobourg,False,False,False,False,False,False
17982091,N5C 3C9,43.042064,-80.887024,Wellkin Child and Youth Mental Wellness - Counselling Services at Wellkin Child and Youth Mental Wellness - Ingersoll,False,False,False,False,False,False
17982092,N4G 4W3,42.868571,-80.744529,Wellkin Child and Youth Mental Wellness - Counselling Services at Wellkin Child and Youth Mental Wellness - Tillsonburg,False,False,False,False,False,False
17992683,L3B 5N5,43.020376,-79.247989,Pathstone Mental Health - Family Intervention at Pathstone Mental Health - Merrittville,False,False,False,False,False,False
17992684,L2V 4Y6,43.112392,-79.242457,Pathstone Mental Health - Family Intervention at Pathstone Mental Health - Thorold,False,False,False,False,False,False
18120034,P0T 1C0,48.7576214,-91.6242152,Firefly - Child and Family Intervention  at Firefly - Atikokan,False,False,False,False,False,False
18120035,P9A 1K5,48.6110402,-93.3968687,Firefly - Child and Family Intervention  at Firefly - Fort Frances,False,False,False,False,False,False
18120037,P9N 3P7,49.7631355,-94.5265296,Firefly - Child and Family Intervention  at Firefly - Kenora,False,False,False,False,False,False
18120038,P0V 2M0,51.0199582,-93.8252297,Firefly - Child and Family Intervention  at Firefly - Red Lake,False,False,False,False,False,False
18120039,P8T 1H4,50.1021433,-91.918708,Firefly - Child and Family Intervention  at Firefly - Sioux Lookout,False,False,False,False,False,False
18120166,N0L 1Y0,42.8032858,-81.4663475,Southwest Ontario Aboriginal Health Centre - Mental Health Program at Southwest Ontario Aboriginal Health Access Centre - Chippewa,False,False,False,False,False,False
18120319,P5A 2A7,46.385099,-82.64746,Algoma Family Services - AFS Intake and Assessment Services at Algoma Family Services - East Algoma Office,True,True,True,True,True,True
18120320,P6B 1Y3,46.5215222,-84.3178363,Algoma Family Services - AFS Intake and Assessment Services at Algoma Family Services - Head Office,True,True,True,True,True,True
18120321,P0S 1K0,47.9929602,-84.7702544,Algoma Family Services - AFS Intake and Assessment Services at Algoma Family Services - North Algoma Office,True,True,True,True,True,True
18120322,P6A 2B3,46.5057301,-84.3223219,Algoma Family Services - AFS Intake and Assessment Services at Algoma Family Services - Sault Ste Marie,False,False,False,False,False,False
18120867,M4P 1Z8,43.712317,-79.39951,Jewish Family and Child - Family Services and Counselling at Jewish Family and Child - Jerome D. Diamond Adolescent Centre,False,False,False,False,False,False
18120873,M2R 3V3,43.762119,-79.440173,Jewish Family and Child - Family Services and Counselling at Jewish Family and  Child - Central Office,False,False,False,False,False,False
18120874,K7K 6X4,44.2653846,-76.4984086,Maltby Centre - Community Site Services at Maltby Centre - Kingston,False,False,False,False,False,False
18120875,K0H 2P0,44.7898809,-76.6771081,Maltby Centre - Community Site Services at Maltby Centre -  Sharbot Lake ,False,False,False,False,False,False
18120876,K0H 2T0,44.4015448,-76.5980575,Maltby Centre - Community Site Services at Maltby Centre -  Sydenham,False,False,False,False,False,False
18120877,K7N 1S3,44.2196073,-76.6452284,Maltby Centre - Community Site Services at Maltby Centre - Amherstview ,False,False,False,False,False,False
18120878,K7R 3Y5,44.2576565,-76.9553188,Maltby Centre - Community Site Services at Maltby Centre - Napanee ,False,False,False,False,False,False
18122040,L3R 9W6,43.854811,-79.3374158,Family Services York Region - Youth Counselling at Family Services York Region - Markham,False,False,False,False,False,False
18122042,L4C 3N8,43.8902522,-79.4189707,Family Services York Region - Youth Counselling at Family Services York Region  - Richmond Hill - Bayview Avenue,False,False,False,False,False,False
18123061,P0T 1C0 ,48.7575182,-91.6253969,Kenora-Rainy River Districts Child and Family Services - Child & Youth Mental Health at Kenora-Rainy River Districts Child and Family Services - Atikokan,False,True,True,True,True,True
18123063,P9A 1K5,48.6110402,-93.3968687,Kenora-Rainy River Districts Child and Family Services - Child & Youth Mental Health at Kenora-Rainy River Districts Child and Family Services - Fort Frances,False,True,True,True,True,True
18122483,P3A 1W7,46.522219,-80.981216,Child And Family Centre - Child and Family Intervention (CFI) at Child and Family Centre - Sudbury - Lasalle Boulevard,False,False,False,False,False,False
18122481,P3C 4Z3,46.4944669,-80.9990827,Child And Family Centre - Child and Family Intervention (CFI) at Child and Family Centre - Sudbury - Frood Road,False,False,False,False,False,False
18122480, P0P 1K0,45.984136,-81.9328393,Child And Family Centre - Child and Family Intervention (CFI) at Child and Family Centre - Little Current,False,False,False,False,False,False
18122443,P0T 2J0,49.014026,-88.2652126,Dilico Anishinabek Family Care - Children's Counselling and Clinical Support Services at Dilico Anishinabek Family Care - Nipigon,False,False,False,False,False,False
18122442,P0T 2E0,48.6903408,-85.6414869,Dilico Anishinabek Family Care - Children's Counselling and Clinical Support Services at Dilico Anishinabek Family Care - Marathon ,False,False,False,False,False,False
18122441,P0T 2A0,49.779797,-86.5351244,Dilico Anishinabek Family Care - Children's Counselling and Clinical Support Services at Dilico Anishinabek Family Care - Longlac,False,False,False,False,False,False
18122440,P7E 2T6,48.3690835,-89.2880318,Dilico Anishinabek Family Care - Children's Counselling and Clinical Support Services at Dilico Anishinabek Family Care - Heath Park Site,False,False,False,False,False,False
18122439,P0T 1A0,50.304381,-89.0355889,Dilico Anishinabek Family Care - Children's Counselling and Clinical Support Services at Dilico Anishinabek Family Care - Armstrong,False,False,False,False,False,False
18122213,K8N 2Z2,44.1639668,-77.3842514,Youth Habilitation Quinte - Transitional Aged Youth at Youth Habilitation Quinte - Belleville,False,False,False,False,False,False
18121078,K0E 1T0,44.7091331,-75.5137184,Children's Mental Health of Leeds and Grenville - Community Therapy at Children's Mental Health of Leeds and Grenville - Prescott Office,False,False,False,False,False,False
18121077,K0G 1J0,45.0164886,-75.6476876,Children's Mental Health of Leeds and Grenville - Community Therapy at Children's Mental Health of Leeds and Grenville - Kemptville Office,False,False,False,False,False,False
18121076,K0G 1E0,44.6079054,-76.222218,Children's Mental Health of Leeds and Grenville - Community Therapy at Children's Mental Health of Leeds and Grenville - Elgin Office,False,False,False,False,False,False
18121075,K6V 6J8,44.6030526,-75.7101303,Children's Mental Health of Leeds and Grenville - Community Therapy at Children's Mental Health of Leeds and Grenville - Brockville Office ,False,False,False,False,False,False
18121074, K7G 2T8,44.3282233,-76.1605945,Children's Mental Health of Leeds and Grenville - Community Therapy at Children's Mental Health of Leeds and Grenville - Gananoque Office ,False,False,False,False,False,False
18120768,P0H 1Z0,46.08799,-79.36357,Hands - Child and Youth Mental Health - Counselling Services at Hands - Powassan,False,False,False,False,False,False
18120767,P1B 1B1,46.308276,-79.462165,Hands - Child and Youth Mental Health - Counselling Services at Hands - North Bay,False,False,False,False,False,False
18120765,P0A 1Z0,45.775119,-79.406983,Hands - Child and Youth Mental Health - Counselling Services at Hands - East Parry Sound,False,False,False,False,False,False
18120764,P0H 1V0,46.314285,-78.705434,Hands - Child and Youth Mental Health - Counselling Services at Hands - East Nipissing,False,False,False,False,False,False
18120731,P0T 1M0,49.7221118,-86.9492368,North of Superior Counselling Programs - Child and Youth Mental Health and Addictions Program at North of Superior Counselling Programs - Geraldton,False,False,False,False,False,False
18120730,P0T 1A0,50.3023035,-89.0400891,North of Superior Counselling Programs - Child and Youth Mental Health and Addictions Program at North of Superior Counselling Programs - Armstrong,False,False,False,False,False,False
18233175,L4C 3N8,43.8902522,-79.4189707,Family Services York Region - Family & Child Counselling at Family Services York Region  - Richmond Hill - Bayview Avenue,False,False,False,False,False,False
18310251,L0E 1R0,44.3082846,-79.3337341,"Family Services York Region - Counselling for Lesbian, Gay, Bisexual, Transgender, Two-Spirit and Queer Individuals at Family Services York Region  - Georgina Office",False,False,False,False,False,False
18120165,N6B 3E1,42.9888145,-81.2345523,Southwest Ontario Aboriginal Health Centre - Mental Health Program at Southwest Ontario Aboriginal Health Access Centre - London,False,False,False,False,False,False
18427630,K7A 5K9,44.9061882,-76.0291695,Open Doors for Lanark Children and Youth - Quick Response Service at Open Doors for Lanark Children and Youth - Smiths Falls,False,False,False,False,False,False
17982093,N4S 1H1,43.133115,-80.736007,Wellkin Child and Youth Mental Wellness - Counselling Services at Wellkin Child and Youth Mental Wellness - Woodstock,False,True,True,True,True,True
17982090,N5P 4L1,42.792769,-81.160549,Wellkin Child and Youth Mental Wellness - Counselling Services at Wellkin Child and Youth Mental Wellness - St.Thomas,False,False,False,False,False,False
18577571, K7G 2T8,44.3282233,-76.1605945,Children's Mental Health of Leeds and Grenville - Middle Years Program at Children's Mental Health of Leeds and Grenville - Gananoque Office ,False,False,False,False,False,False
18577572,K6V 6J8,44.6030526,-75.7101303,Children's Mental Health of Leeds and Grenville - Middle Years Program at Children's Mental Health of Leeds and Grenville - Brockville Office ,False,False,False,False,False,False
18604413,P7B 3S7,48.4181667,-89.2409383,Children's Centre Thunder Bay - Walk In Counselling Clinic at Thunder Bay Counselling Centre,False,False,False,False,False,False
17494863,K7V 1M7,45.4725147,-76.6832209,Phoenix Centre for Children and Families - Family and Child Treatment at Phoenix Centre for Children and Families - Renfrew,False,False,False,False,False,False
17494861,K8A 5M8,45.825278,-77.1158873,Phoenix Centre for Children and Families - Family and Child Treatment at Phoenix Centre for Children and Families - Pembroke,False,False,False,False,False,False
17494860,K0J 2A0,45.5549543,-77.4146656,Phoenix Centre for Children and Families - Family and Child Treatment at Phoenix Centre for Children and Families - Killaloe,False,False,False,False,False,False
17494859,K8A 5M8,46.0914363,-77.4908149,Phoenix Centre for Children and Families - Family and Child Treatment at Phoenix Centre for Children and Families - Deep River,False,False,False,False,False,False
18672457,M5G 1C3,43.6556269,-79.3846538,Hong Fook Mental Health Association - Family Initiative at Hong Fook Mental Health Association - Downtown Branch,False,False,False,False,False,False
18672458,M1V 5E6,43.807482,-79.2891897,Hong Fook Mental Health Association - Family Initiative at Hong Fook Mental Health Association - Head Office,False,False,False,False,False,False
18672459,M2J 0A4,43.7753792,-79.343934,Hong Fook Mental Health Association - Family Initiative at Hong Fook Mental Health Association - North York Branch,False,False,False,False,False,False
18672462,P0L 2B0,49.6880184,-83.6669552,Hearst-Kapuskasing-Smooth Rock Falls Counselling Services - Psychotherapy/Counselling Service at Hearst Kapuskasing Smooth Rock Falls Counselling Services - Hearst,True,False,False,True,True,False
18672463, P5N 1W6,49.418261,-82.422019,Hearst-Kapuskasing-Smooth Rock Falls Counselling Services - Psychotherapy/Counselling Service at Hearst Kapuskasing Smooth Rock Falls Counselling Services - Kapuskasing ,True,False,False,True,True,False
18672464,P0L 1N0,49.418261,-82.422019,Hearst-Kapuskasing-Smooth Rock Falls Counselling Services - Psychotherapy/Counselling Service at Hearst Kapuskasing Smooth Rock Falls Counselling Services - Smooth Rock Falls,True,False,False,True,True,False
18722769,M3L 1B2,43.7203944,-79.5118154,Costi - Mental Health Clinic at Costi - Family and Mental Health Services Office,False,False,False,False,False,False
18722770,L4K 4R6,43.7951059,-79.525609,Costi - Mental Health Clinic at Costi Immigrant Services - Vaughan Centre,False,False,False,False,False,False
18123137,N1R 7A6,43.3546142,-80.3084293,"Carizon Family and Community Services - Walk-in Counselling Service at Carizon Family and Community Services - Cambridge Office, Langs Farm Village Association ",False,False,False,False,False,False
18123136,N2G 2P1 ,43.4377379,-80.4600714,Carizon Family and Community Services - Walk-in Counselling Service at Carizon Family and Community Services  - Front Door And Walk-in Counselling Services,False,False,False,False,False,False
18737450,P9A 3N1,48.858696,-92.980992,United Native Friendship Centre - Children's Mental Health Project at United Native Friendship Centre - Mowat Avenue,False,False,False,False,False,False
18737451,P9A 2A3,48.858696,-92.980992,United Native Friendship Centre - Children's Mental Health Project at United Native Friendship Centre - Portage Avenue,False,False,False,False,False,False
18123092,M4X 1K5 ,43.6658473,-79.3741387,Loft Community Services - Transitional Age Youth Program at Loft Community Services - Wilkinson Housing and Support Services ,False,False,False,False,False,False
18123090,M6K 3B3 ,43.638663,-79.440762,Loft Community Services - Transitional Age Youth Program at Loft Community Services - Beverley Lodge ,False,False,False,False,False,False
18123018,P4N 8R1,48.4859907,-81.3150459,North Eastern Ontario Family and Children's Services - Child & Family Intervention Programs at North Eastern Ontario Family and Children's Services - Timmins,False,False,False,False,False,False
18123017,P0J 1P0,48.4856749,-81.3151239,North Eastern Ontario Family and Children's Services - Child & Family Intervention Programs at North Eastern Ontario Family and Children's Services - New Liskeard,False,False,False,False,False,False
18123016,P2N 1H9,48.4856749,-81.3151239,North Eastern Ontario Family and Children's Services - Child & Family Intervention Programs at North Eastern Ontario Family and Children's Services - Kirkland Lake,False,False,False,False,False,False
18123015,P5N 1R1,48.4856749,-81.3151239,North Eastern Ontario Family and Children's Services - Child & Family Intervention Programs at North Eastern Ontario Family and Children's Services - Kapuskasing,False,False,False,False,False,False
18123014,P0K 1G0,48.4856749,-81.3151239,North Eastern Ontario Family and Children's Services - Child & Family Intervention Programs at North Eastern Ontario Family and Children's Services - Iroquois Falls,False,False,False,False,False,False
18123013,P0L 1N0,49.689057,-83.6656411,North Eastern Ontario Family and Children's Services - Child & Family Intervention Programs at North Eastern Ontario Family and Children's Services - Hearst,False,False,False,False,False,False
18123012,P0J 1H0,48.4856749,-81.3151239,North Eastern Ontario Family and Children's Services - Child & Family Intervention Programs at North Eastern Ontario Family and Children's Services - Englehart,False,False,False,False,False,False
18123011,P0L 1C0,48.4856749,-81.3151239,North Eastern Ontario Family and Children's Services - Child & Family Intervention Programs at North Eastern Ontario Family and Children's Services - Cochrane,False,False,False,False,False,False
18123010,P4N 3M1,48.466577,-81.337607,North Eastern Ontario Family and Children's Services - Child & Family Intervention Programs at North Eastern Ontario Family and Children's Services -  Timmins Wilcox,False,False,False,False,False,False
18123009,P0L 2B0,48.4856749,-81.3151239,North Eastern Ontario Family and Children's Services - Child & Family Intervention Programs at North Eastern Ontario Family and Children's Services -  Smooth Rock Falls,False,False,False,False,False,False
18179229,K7C 4J9,45.1270779,-76.1292243,Open Doors for Lanark Children and Youth - Counselling at Open Doors for Lanark Children and Youth  - Carleton Place,False,False,False,False,False,False
18122169,N7S 1H8,42.9692904,-82.3755363,Rebound - STAND Program at Sarnia-Lambton Rebound - Sarnia,False,False,False,False,False,False
18744036,M8V 2Z5,43.602508,-79.503502,Family Service Toronto - Counselling Services at Family Service Toronto - Lakeshore,False,False,False,False,False,False
18744038,M1L 4A8,43.717716,-79.2832121,Family Service Toronto - Counselling Services at Family Service Toronto - Scarborough,False,False,False,False,False,False
18743938,M2M 3V3,43.7834022,-79.4162049,Catholic Family Services - Counselling at Catholic Family Services - North Toronto Office,False,False,False,False,False,False
18743939,M4T 1W2,43.6821388,-79.3913181,Catholic Family Services - Counselling at Catholic Family Services - Central Toronto Office,False,False,False,False,False,False
18122168,N0N 1R0,42.875586,-82.159282,Rebound - STAND Program at Sarnia-Lambton Rebound - Petrolia,False,True,True,True,True,True
18179230,K7H 2Y4,44.9050715,-76.2669657,Open Doors for Lanark Children and Youth - Counselling at Open Doors for Lanark Children and Youth - Perth,False,False,False,False,False,False
18179231,K7A 5K9,44.9061882,-76.0291695,Open Doors for Lanark Children and Youth - Counselling at Open Doors for Lanark Children and Youth - Smiths Falls,False,False,False,False,False,False
18121108,M6E 3V4,43.6789612,-79.4456954,Child Development Institute - Family and Community Counselling at Child Development Institute - St. Clair Gardens,False,False,False,False,False,False
18121107,M5A 2Z1,43.6555531,-79.3644298,Child Development Institute - Family and Community Counselling at Child Development Institute - Parliament Street,False,False,False,False,False,False
18121105,M4C 4Y9,43.6914554,-79.3017454,Child Development Institute - Family and Community Counselling at Child Development Institute - Secord Community Centre,False,False,False,False,False,False
18121104,M6J 2J8,43.6511382,-79.4093153,Child Development Institute - Family and Community Counselling at Child Development Institute - Euclid Avenue,False,False,False,False,False,False
18121021,K6A 3E8,45.606481,-74.61368,Valoris for Children and Adults of Prescott-Russell - Child and Family Mental Health at Valoris for Children and Adults of Prescott-Russell - Hawkesbury ,False,False,False,False,False,False
18121020,K4K 1H1,45.551034,-75.275272,Valoris for Children and Adults of Prescott-Russell - Child and Family Mental Health at Valoris for Children and Adults of Prescott-Russell - Clarence/Rockland,False,False,False,False,False,False
18121019,K0A 1M0 ,45.3072508,-75.0776479,Valoris for Children and Adults of Prescott-Russell - Child and Family Mental Health at Valoris for Children and Adults of Prescott-Russell - Embrun,False,False,False,False,False,False
18120879,K0H 2G0,44.6477368,-77.1197275,Maltby Centre - Community Site Services at Maltby Centre - Northbrook,False,False,False,False,False,False
18120771,P2A 1S2,45.35646,-80.038845,Hands - Child and Youth Mental Health - Counselling Services at Hands - West Parry Sound,False,False,False,False,False,False
18120770,P2B 3H4,46.371158,-79.941837,Hands - Child and Youth Mental Health - Counselling Services at Hands - West Nipissing,False,False,False,False,False,False
18232476,L0E 1R0,44.3082846,-79.3337341,Family Services York Region - Individual Counselling at Family Services York Region  - Georgina Office,False,False,False,False,False,False
18232477,L3R 9W6,43.854811,-79.3374158,Family Services York Region - Individual Counselling at Family Services York Region - Markham,False,False,False,False,False,False
18232479,L4C 3N8,43.8902522,-79.4189707,Family Services York Region - Individual Counselling at Family Services York Region  - Richmond Hill - Bayview Avenue,False,False,False,False,False,False
18232487,N5P 4L1,42.792769,-81.160549,Wellkin Child and Youth Mental Wellness - The Brief Therapy Model at Wellkin Child and Youth Mental Wellness - St.Thomas,False,False,False,False,False,False
18232489,N4G 4W3,42.868571,-80.744529,Wellkin Child and Youth Mental Wellness - The Brief Therapy Model at Wellkin Child and Youth Mental Wellness - Tillsonburg,False,False,False,False,False,False
18120736,P0T 2W0,48.8121014,-87.2663171,North of Superior Counselling Programs - Child and Youth Mental Health and Addictions Program at North of Superior Counselling Programs - Schreiber,False,False,False,False,False,False
18120735,P0T 2J0,49.0139504,-88.2621303,North of Superior Counselling Programs - Child and Youth Mental Health and Addictions Program at North of Superior Counselling Programs - Nipigon,False,False,False,False,False,False
18120734,P0T 2E0,48.7226578,-86.3767431,North of Superior Counselling Programs - Child and Youth Mental Health and Addictions Program at North of Superior Counselling Programs - Marathon,False,False,False,False,False,False
18120733,P0T 2C0,49.127201,-85.8242264,North of Superior Counselling Programs - Child and Youth Mental Health and Addictions Program at North of Superior Counselling Programs - Manitouwadge,False,False,False,False,False,False
18120732,P0T 2A0,49.781495,-86.53434,North of Superior Counselling Programs - Child and Youth Mental Health and Addictions Program at North of Superior Counselling Programs - Longlac,False,False,False,False,False,False
18232490,N4S 1H1,43.133115,-80.736007,Wellkin Child and Youth Mental Wellness - The Brief Therapy Model at Wellkin Child and Youth Mental Wellness - Woodstock,False,False,False,False,False,False
18233172,L0E 1R0,44.3082846,-79.3337341,Family Services York Region - Family & Child Counselling at Family Services York Region  - Georgina Office,False,False,False,False,False,False
18310252,L3R 9W6,43.8600699,-79.3150623,"Family Services York Region - Counselling for Lesbian, Gay, Bisexual, Transgender, Two-Spirit and Queer Individuals at Family Services York Region - Markham",False,False,False,False,False,False
18310254,L4C 3N8,43.8902522,-79.4189707,"Family Services York Region - Counselling for Lesbian, Gay, Bisexual, Transgender, Two-Spirit and Queer Individuals at Family Services York Region  - Richmond Hill - Bayview Avenue",False,False,False,False,False,False
18310268,L3B 5N5,43.0500679,-79.2498561,"Pathstone Mental Health - Early Assessment, Support, and Intervention Service at Pathstone Mental Health - Merrittville",False,False,False,False,False,False
18310269,L2V 4Y6,43.1116695,-79.2393744,"Pathstone Mental Health - Early Assessment, Support, and Intervention Service at Pathstone Mental Health - Thorold",False,False,False,False,False,False
18407928,L4G 6T5,44.0180701,-79.4498032,Kinark Child and Family Services - Community Mental Health Services at Kinark Child and Family Services - Aurora,False,False,False,False,False,False
18407936,L4N 6T4,44.3867832,-79.6915907,Kinark Child and Family Services - Community Mental Health Services at Kinark Child and Family Services - Barrie,False,False,False,False,False,False
18408088,K0L 1L0,44.3124044,-77.7898476,Kinark Child and Family Services - Community Mental Health Services at Kinark Child and Family Services - Campbellford,False,False,False,False,False,False
18408094,K9A 5J7,43.9764199,-78.1995269,Kinark Child and Family Services - Community Mental Health Services at Kinark Child and Family Services - Cobourg,False,False,False,False,False,False
18408103,L1N 8Y3,43.8717755,-78.9140499,Kinark Child and Family Services - Community Mental Health Services at Kinark Child and Family Services - Durham Region,False,False,False,False,False,False
18408113,L4P 2H7,44.2423773,-79.472331,Kinark Child and Family Services - Community Mental Health Services at Kinark Child and Family Services - Georgina,False,False,False,False,False,False
18408147,L3R 0E7,43.8373107,-79.3308456,Kinark Child and Family Services - Community Mental Health Services at Kinark Child and Family Services - Markham,False,False,False,False,False,False
18408157,L4R 2E6,44.7420547,-79.8948054,Kinark Child and Family Services - Community Mental Health Services at Kinark Child and Family Services - Midland,False,False,False,False,False,False
18408165,K9H 7L7,44.3072845,-78.3052585,Kinark Child and Family Services - Community Mental Health Services at Kinark Child and Family Services - Peterborough ,False,False,False,False,False,False
18408171,L4L 9R4,43.808827,-79.552066,Kinark Child and Family Services - Community Mental Health Services at Kinark Child and Family Services - Vaughan,False,False,False,False,False,False
18427601,K7C 4J9,45.1270779,-76.1292243,Open Doors for Lanark Children and Youth - Quick Response Service at Open Doors for Lanark Children and Youth  - Carleton Place,False,False,False,False,False,False
18427617,K7H 2Y4,44.9050715,-76.2669657,Open Doors for Lanark Children and Youth - Quick Response Service at Open Doors for Lanark Children and Youth - Perth,False,False,False,False,False,False
18432354, K0A 1A0,45.2285799,-76.1899034,Open Doors for Lanark Children and Youth - Same Day Clinic  at Open Doors for Lanark Children and Youth - Allmonte - Health Unit,False,False,False,False,False,False
18432364, K0A 1A0,45.2285799,-76.1899034,Open Doors for Lanark Children and Youth - Same Day Clinic  at Open Doors for Lanark Children and Youth - Lanark ,False,False,False,False,False,False
18577387,N5P 1Y9,42.7755989,-81.18213059,Wellkin Child and Youth Mental Wellness - Walk-In Clinic at Wellkin Child and Youth Mental Wellness - St.Thomas,False,False,False,False,False,False
18577390,N4S 1H1,43.133115,-80.736007,Wellkin Child and Youth Mental Wellness - Walk-In Clinic at Wellkin Child and Youth Mental Wellness - Woodstock,False,False,False,False,False,False
18577543,K7G 2T8,44.3282233,-76.1605945,Children's Mental Health of Leeds and Grenville - Prompt Service Intervention at Children's Mental Health of Leeds and Grenville - Gananoque Office ,False,False,False,False,False,False
18577544,K6V 6J8,44.6030526,-75.7101303,Children's Mental Health of Leeds and Grenville - Prompt Service Intervention at Children's Mental Health of Leeds and Grenville - Brockville Office ,False,False,False,False,False,False
18577545,K0G 1J0,45.0164886,-75.6476876,Children's Mental Health of Leeds and Grenville - Prompt Service Intervention at Children's Mental Health of Leeds and Grenville - Kemptville Office,False,False,False,False,False,False
18577546,K0E 1T0,44.7091331,-75.5137184,Children's Mental Health of Leeds and Grenville - Prompt Service Intervention at Children's Mental Health of Leeds and Grenville - Prescott Office,False,False,False,False,False,False
18577555,K0E 1T0,44.3282233,-76.1605945,Children's Mental Health of Leeds and Grenville - Early Years Program at Children's Mental Health of Leeds and Grenville - Gananoque Office ,False,False,False,False,False,False
18577556,K6V 6J8,44.6030526,-75.7101303,Children's Mental Health of Leeds and Grenville - Early Years Program at Children's Mental Health of Leeds and Grenville - Brockville Office ,False,False,False,False,False,False
18577557,K0G 1E0,44.6079054,-76.222218,Children's Mental Health of Leeds and Grenville - Early Years Program at Children's Mental Health of Leeds and Grenville - Elgin Office,False,False,False,False,False,False
18577558,K0G 1J0,45.0164886,-75.6476876,Children's Mental Health of Leeds and Grenville - Early Years Program at Children's Mental Health of Leeds and Grenville - Kemptville Office,False,False,False,False,False,False
18577559,K0E 1T0,44.7091331,-75.5137184,Children's Mental Health of Leeds and Grenville - Early Years Program at Children's Mental Health of Leeds and Grenville - Prescott Office,False,False,False,False,False,False
18577573,K0G 1E0,44.6079054,-76.222218,Children's Mental Health of Leeds and Grenville - Middle Years Program at Children's Mental Health of Leeds and Grenville - Elgin Office,False,False,False,False,False,False
18577574,K0G 1J0,45.0164886,-75.6476876,Children's Mental Health of Leeds and Grenville - Middle Years Program at Children's Mental Health of Leeds and Grenville - Kemptville Office,False,False,False,False,False,False
18577575,K0E 1T0,44.7091331,-75.5137184,Children's Mental Health of Leeds and Grenville - Middle Years Program at Children's Mental Health of Leeds and Grenville - Prescott Office,False,False,False,False,False,False
18577583, K7G 2T8,44.3282233,-76.1605945,Children's Mental Health of Leeds and Grenville - Go Goddess at Children's Mental Health of Leeds and Grenville - Gananoque Office ,False,False,False,False,False,False
18577584,K6V 6J8,44.6030526,-75.7101303,Children's Mental Health of Leeds and Grenville - Go Goddess at Children's Mental Health of Leeds and Grenville - Brockville Office ,False,False,False,False,False,False
18577585,K0G 1E0,44.6079054,-76.222218,Children's Mental Health of Leeds and Grenville - Go Goddess at Children's Mental Health of Leeds and Grenville - Elgin Office,False,False,False,False,False,False
18577586,K0G 1J0,45.0164886,-75.6476876,Children's Mental Health of Leeds and Grenville - Go Goddess at Children's Mental Health of Leeds and Grenville - Kemptville Office,False,False,False,False,False,False
18577587, K7G 2T8,44.3282233,-76.1605945,Children's Mental Health of Leeds and Grenville - Go Goddess at Children's Mental Health of Leeds and Grenville - Prescott Office,False,False,False,False,False,False
18577605,N0M 1L0 ,43.6163624,-81.542319,Huron - Perth Centre - Drop-In Counselling Services at Huron-Perth Centre - Clinton,False,False,False,False,False,False
18577607,N4W 6S4,43.3548897,-80.9937725,Huron - Perth Centre - Drop-In Counselling Services at Huron-Perth Centre - Stratford,False,False,False,False,False,False
18604412,P7B 6G6,48.4237453,-89.2314693,Children's Centre Thunder Bay - Walk In Counselling Clinic at Children's Centre Thunder Bay,False,False,False,False,False,False
18759502,L2R 4A7 ,43.1654708,-79.2339819,CMHA - Niagara - Mental Health Urgent Support Services at CMHA - Niagara - St. Catharines Page Street,False,False,False,False,False,False
18759688,L2R 4A7,43.1654708,-79.2339819,CMHA - Niagara - Walk In Counselling at CMHA - Niagara - St. Catharines Page Street,False,False,False,False,False,False
18672337,M5G 1C3,43.6698273,-79.312541,Hong Fook Mental Health Association - Case Management  at Hong Fook Mental Health Association - Downtown Branch,False,False,False,False,False,False
18672338,M1V 5E6,43.807482,-79.2891897,Hong Fook Mental Health Association - Case Management  at Hong Fook Mental Health Association - Head Office,False,False,False,False,False,False
18672339,M2J 0A4,43.7753792,-79.343934,Hong Fook Mental Health Association - Case Management  at Hong Fook Mental Health Association - North York Branch,False,False,False,False,False,False
18672518,L9R 1J3,44.1529648,-79.8719847,Lance Krasman Memorial Centre For Community Mental Health - Family Support at Lance Krasman Memorial Centre For Community Mental Health - Alliston,False,False,False,False,False,False
18672521,P0L 1C0,49.0697734,-81.0210433,Minto Counselling Centre - Counselling at Minto Counselling Centre - Cochrane Head Office ,False,False,False,False,False,False
18672522,P0L 1C0,48.5757614,-88.8189961,Minto Counselling Centre - Counselling at Minto Counselling Centre - Iroquois Falls      ,False,False,False,False,False,False
18672523,P0K 1N0,48.5396038,-80.4697506,Minto Counselling Centre - Counselling at Minto Counselling Centre - Matheson,False,False,False,False,False,False
18701496,L9L 1P3,44.1122033,-78.9569081,Community Care Durham -  COPE Mental Health Services at  Community Care Durham - Scugog ,False,False,False,False,False,False
18701497,L1W 3R4,43.8305799,-79.0807264,Community Care Durham -  COPE Mental Health Services at Community Care Durham - Ajax-Pickering,False,False,False,False,False,False
18701498,L0E 1E0,44.3502408,-79.038552,Community Care Durham -  COPE Mental Health Services at Community Care Durham - Brock,False,False,False,False,False,False
18701499,L1C 0K6,43.9117586,-78.7040035,Community Care Durham -  COPE Mental Health Services at Community Care Durham - Clarington,False,False,False,False,False,False
18701500,L1N 8Y3,43.8717755,-78.9140499,Community Care Durham -  COPE Mental Health Services at Community Care Durham - Oshawa ,False,False,False,False,False,False
18701501,L9P 1K7,44.1078292,-79.1180916,Community Care Durham -  COPE Mental Health Services at Community Care Durham - Uxbridge ,False,False,False,False,False,False
18701502,L1N 8Y3,43.8717755,-78.9140499,Community Care Durham -  COPE Mental Health Services at Community Care Durham - Whitby ,False,False,False,False,False,False
18705695,L1N 2L1,43.886711,-78.911979,Durham Mental Health Services - Community Support at Durham Mental Health Services - Whitby Mall,False,False,False,False,False,False
18706340,L1S 7J6 ,43.838211,-79.035036,Family Services Durham - Community Counselling at Family Service Durham - Ajax,False,False,False,False,False,False
18706348,L1N 6A3,43.885165,-78.942732,Family Services Durham - Community Counselling at Family Service Durham - Whitby (Regional Headquarters),False,False,False,False,False,False
18706342,L0K 1A0,44.607218,-79.629098,Family Services Durham - Community Counselling at Family Service Durham - Brock/Beaverton,False,False,False,False,False,False
18715158,N2G 2P1,43.43742,-80.459857,Lutherwood - Walk-in Counselling Service  at Lutherwood - Front Door Service Access,False,False,False,False,False,False
18715159,N1R 7A6,43.359909,-80.313433,Lutherwood - Walk-in Counselling Service  at Lutherwood - Walk-In Counselling Centre - Cambridge,False,False,False,False,False,False
18715483, L7J 1Z6 ,43.63101,-80.0415036,Halton Healthcare - North Halton Mental Health Clinics at Halton Healthcare - North Halton Mental Health Clinics - Acton,False,False,False,False,False,False
18715484, L7G 4B1 ,43.6497142,-79.8955371,Halton Healthcare - North Halton Mental Health Clinics at Halton Healthcare - North Halton Mental Health Clinics - Georgetown,False,False,False,False,False,False
18715485, L9T 1N9 ,43.5132407,-79.8830854,Halton Healthcare - North Halton Mental Health Clinics at Halton Healthcare - North Halton Mental Health Clinics - Milton,False,False,False,False,False,False
18722288,M3N 2Y2,43.7588374,-79.5161681,Across Boundaries - Y-Connect at Across Boundaries - North York Office,False,False,False,False,False,False
18722335,P4N 2N2,45.4344338,-75.6844515,Metis Nation Of Ontario - Mental Health Demonstration Project at Metis Nation Of Ontario - Timmins,False,False,False,False,False,False
18722356, K0L 1C0,45.4215296,-75.6971931,Metis Nation Of Ontario - Mental Health Demonstration Project at Metis Nation Of Ontario - Bancroft,False,False,False,False,False,False
18722357,P8N 1B3,45.4215296,-75.6971931,Metis Nation Of Ontario - Mental Health Demonstration Project at Metis Nation Of Ontario - Dryden,False,False,False,False,False,False
18722360,P9N 3P6,45.4344338,-75.6844515,Metis Nation Of Ontario - Mental Health Demonstration Project at Metis Nation Of Ontario - Kenora,False,False,False,False,False,False
18722361,L4R 4K6,44.7496589,-79.9007357,Metis Nation Of Ontario - Mental Health Demonstration Project at Metis Nation Of Ontario - Midland,False,False,False,False,False,False
18722363,K1N 9G4,45.4344338,-75.6844515,Metis Nation Of Ontario - Mental Health Demonstration Project at Metis Nation Of Ontario - Ottawa,False,False,False,False,False,False
18722364, P6A 1Y3,45.4344338,-75.6844515,Metis Nation Of Ontario - Mental Health Demonstration Project at Metis Nation Of Ontario - Sault Ste. Marie,False,False,False,False,False,False
18722366,P7E 1B4,45.4344338,-75.6844515,Metis Nation Of Ontario - Mental Health Demonstration Project at Metis Nation Of Ontario - Thunder Bay,False,False,False,False,False,False
18722367, N8X 4X9,45.4344338,-75.6844515,Metis Nation Of Ontario - Mental Health Demonstration Project at Metis Nation Of Ontario - Windsor,False,False,False,False,False,False
18722377,L1S 3V4,43.8421139,-79.027628,Catholic Family Services of Durham - Counselling Program at Catholic Family Services of Durham - Ajax,False,False,False,False,False,False
18722378,L1H 4G7,43.8946253,-78.8620969,Catholic Family Services of Durham - Counselling Program at Catholic Family Services of Durham - Oshawa,False,False,False,False,False,False
18722469,K0L 1C0,45.0576236,-77.8506765,Addictions and Mental Health Services-Hastings Prince Edward - Case Management at Mental Health Services Hastings Prince Edward - Bancroft,False,False,False,False,False,False
18722470,K8P 4E3,44.1476649,-77.4067561,Addictions and Mental Health Services-Hastings Prince Edward - Case Management at Mental Health Services Hastings Prince Edward - Belleville ,False,False,False,False,False,False
19205755,L4G 6T5,44.241676,-79.474025,Kinark Child and Family Services - Crisis Support Services at Kinark Child and Family Services - Georgina,False,False,False,False,False,False
19205774,L4R 2E6,44.7420547,-79.8948054,Kinark Child and Family Services - Crisis Support Services at Kinark Child and Family Services - Midland,False,False,False,False,False,False
18722501,K0K 2K0,44.5029464,-77.4723896,Addictions and Mental Health Services-Hastings Prince Edward - Case Management at Mental Health Services Hastings Prince Edward - Madoc,False,False,False,False,False,False
18722504,K0K 2T0,44.0095197,-77.1405122,Addictions and Mental Health Services-Hastings Prince Edward - Case Management at Mental Health Services Hastings Prince Edward - Picton,False,False,False,False,False,False
18722505,K8V 6S3,44.1010976,-77.5775442,Addictions and Mental Health Services-Hastings Prince Edward - Case Management at Mental Health Services Hastings Prince Edward - Trenton,False,False,False,False,False,False
18722730,M3L 1B2,43.7203944,-79.5118154,Costi - Generic Counselling Services at Costi - Family and Mental Health Services Office,False,False,False,False,False,False
18722731,L4K 4R6,43.7951059,-79.525609,Costi - Generic Counselling Services at Costi Immigrant Services - Vaughan Centre,False,False,False,False,False,False
18723391,P1L 1K8,45.0527678,-79.299889,Simcoe Muskoka Family Connexions - Counselling Walk-In Clinic at Simcoe Muskoka Family Connexions - Bracebridge,False,False,False,False,False,False
19317869,N2C 2H6,43.4252636,-80.4718411,Interfaith Community Counselling Centre - Bereavement Program at Interfaith Community Counselling Centre - Satellite Kitchener Counselling Centre,False,False,False,False,False,False
19317870,N3A 1J1,43.3753257,-80.7076498,Interfaith Community Counselling Centre - Bereavement Program at Interfaith Community Counselling Centre - New Hamburg,False,False,False,False,False,False
18729334,L4K 3M8,43.8118381,-79.4871605,Aptus Treatment Centre - Children's Day Program at Aptus Treatment Centre - Vaughan,False,False,False,False,False,False
18729335,M3K 1B7,43.7284482,-79.4682354,Aptus Treatment Centre - Children's Day Program at Aptus Treatment Centre - Toronto - Anthony Road,False,False,False,False,False,False
18742452,N0B 1E0,43.2892444,-80.4549951,Family Counselling Centre of Cambridge and North Dumfries - Counselling at Family Counselling Centre of Cambridge and North Dumfries - Ayr,False,False,False,False,False,False
18742453,N1R 2E7,43.3616211,-80.3144276,Family Counselling Centre of Cambridge and North Dumfries - Counselling at Family Counselling Centre of Cambridge and North Dumfries - Cambridge,False,False,False,False,False,False
18744151,L6H 2Y7,43.4687939,-79.680653,ROCK Reach Out Centre for Kids - Child and Family Walk-in Clinic at ROCK - Oakville,False,False,False,False,False,False
18744164,L7R 4M4,43.3255196,-79.7990319,"ROCK Reach Out Centre for Kids - Child, Youth and Family Mental Health Services at ROCK - Burlington",False,False,False,False,False,False
18744165,L9T 0H7,43.3255196,-79.7990319,"ROCK Reach Out Centre for Kids - Child, Youth and Family Mental Health Services at ROCK - Milton",False,False,False,False,False,False
18744166,L6H 2Y7,43.3255196,-79.7990319,"ROCK Reach Out Centre for Kids - Child, Youth and Family Mental Health Services at ROCK - Oakville",False,False,False,False,False,False
18744168,L4N 2C6,44.3813756,-79.7045179,"Catholic Family Services of Simcoe County - Individual, Couple and Family Counselling at Catholic Family Services of Simcoe County - Barrie",False,False,False,False,False,False
18744169,L3Z 1X1,44.1171099,-79.5655126,"Catholic Family Services of Simcoe County - Individual, Couple and Family Counselling at Catholic Family Services of Simcoe County - Bradford",False,False,False,False,False,False
18744149,L7R 4M4,43.3277574,-79.7961983,ROCK Reach Out Centre for Kids - Child and Family Walk-in Clinic at ROCK - Burlington,False,False,False,False,False,False
18744150,L9T 0H7,43.5000326,-79.8776275,ROCK Reach Out Centre for Kids - Child and Family Walk-in Clinic at ROCK - Milton,False,False,False,False,False,False
18744171,L4R 0B7,44.7343988,-79.8718623,"Catholic Family Services of Simcoe County - Individual, Couple and Family Counselling at Catholic Family Services of Simcoe County - Midland",False,False,False,False,False,False
18744172,L3V 0B7,44.6057707,-79.4109699,"Catholic Family Services of Simcoe County - Individual, Couple and Family Counselling at Catholic Family Services of Simcoe County - Orillia",False,False,False,False,False,False
18744193,L4N 2C6,44.381573,-79.70435,Catholic Family Services of Simcoe County - Walk-In Counselling at Catholic Family Services of Simcoe County - Barrie,False,False,False,False,False,False
18744195,L9Y 4E8,44.505905,-80.269726,Catholic Family Services of Simcoe County - Walk-In Counselling at Catholic Family Services of Simcoe County - Collingwood,False,False,False,False,False,False
18744197,L3V 0B7,44.604582,-79.376802,Catholic Family Services of Simcoe County - Walk-In Counselling at Catholic Family Services of Simcoe County - Orillia,False,False,False,False,False,False
18757741,L2E 6S5,43.0637391,-79.1281694,Family And Children's Services Niagara - Family Counselling Centre at Family and Children's Services Niagara - Niagara Falls,False,False,False,False,False,False
18757742,L2W 1A4,43.1746652,-79.2779098,Family And Children's Services Niagara - Family Counselling Centre at Family and Children's Services Niagara - St. Catharines,False,False,False,False,False,False
18757743,L3C 3C8,43.005707,-79.2852874,Family And Children's Services Niagara - Family Counselling Centre at Family and Children's Services Niagara - Welland,False,False,False,False,False,False
18758046,M5R 2S2,43.653226,-79.3831843,Korean Canadian Women's Association - Family Counselling at Korean Canadian Women's Association - Main Office,True,True,True,True,True,True
19613452,L2A 3T8,42.9224611,-78.918572,John Howard Society of Niagara Region - Non-Residential Attendance Centre (NRAC) at John Howard Society of Niagara - Fort Erie,False,False,False,False,False,False
19613453,L2R 3J9,43.1623304,-79.2426166,John Howard Society of Niagara Region - Non-Residential Attendance Centre (NRAC) at John Howard Society of Niagara - St Catharines,False,False,False,False,False,False
19613454,L3B 3W7,42.9929344,-79.2440503,John Howard Society of Niagara Region - Non-Residential Attendance Centre (NRAC) at John Howard Society of Niagara - Welland,False,False,False,False,False,False
19630114,L6V 1N8,43.6988172,-79.7772698,John Howard Society of Peel-Halton-Dufferin - Halton Youth Attendance Centre at John Howard Society of Peel-Halton-Dufferin - Head Office (Brampton),False,False,False,False,False,False
19630115,L5A 3V8,43.5831708,-79.613033,John Howard Society of Peel-Halton-Dufferin - Halton Youth Attendance Centre at John Howard Society of Peel-Halton-Dufferin - Mississauga Office,False,False,False,False,False,False
19630116,L9W 5G4,43.9191745,-80.0974403,John Howard Society of Peel-Halton-Dufferin - Halton Youth Attendance Centre at John Howard Society of Peel-Halton-Dufferin - Orangeville Office,False,False,False,False,False,False
19630275,L4N 6S7,44.383828,-79.694712,John Howard Society of Simcoe and Muskoka - Attendance Centre at John Howard Society of Simcoe and Muskoka - Barrie Office,False,False,False,False,False,False
19630276,L3V 3L3,44.6073408,-79.4180809,John Howard Society of Simcoe and Muskoka - Attendance Centre at John Howard Society of Simcoe and Muskoka - Orillia Office,False,False,False,False,False,False
18758932,N8X 3L9 ,42.3029585,-83.0259521,CMHA - Windsor-Essex County - Children's Bereavement Griefworks at CMHA - Windsor-Essex County - Windsor Office,False,False,False,False,False,False
18758942,N8H 3X5,42.058208,-82.5856606,CMHA - Windsor-Essex County - Intensive Case Management at CMHA - Windsor-Essex County - Leamington Office,False,False,False,False,False,False
18758943,N8X 3L9,42.3029585,-83.0259521,CMHA - Windsor-Essex County - Intensive Case Management at CMHA - Windsor-Essex County - Windsor Office,False,False,False,False,False,False
18758947,N8H 3X5,42.058208,-82.5856606,CMHA - Windsor-Essex County - Early Intervention at CMHA - Windsor-Essex County - Leamington Office,False,False,False,False,False,False
18758958,N8H 3X5,42.058208,-82.5856606,CMHA - Windsor-Essex County - Dual Diagnosis at CMHA - Windsor-Essex County - Leamington Office,False,False,False,False,False,False
18758959,N8X 3L9,42.3029585,-83.0259521,CMHA - Windsor-Essex County - Dual Diagnosis at CMHA - Windsor-Essex County - Windsor Office,False,False,False,False,False,False
19653123,K8A 5M8,45.825278,-77.1158873,Phoenix Centre For Children And Families - Mood Management Walk-in Clinic at Phoenix Centre for Children and Families - Pembroke,False,False,False,False,False,False
18759497,K6H 1B1       ,45.0185581,-74.715357,Counselling and Support Services of S.D. and G. - Counselling  at Counselling and Support Services of S.D. and G. - Cornwall Central Office,False,False,False,False,False,False
18759498,K0C 1A0,45.222807,-75.032022,Counselling and Support Services of S.D. and G. - Counselling  at Counselling and Support Services of S.D. and G. - Alexandria Satellite Office,False,False,False,False,False,False
18759499,K0C 2K0,45.100702,-75.364615,Counselling and Support Services of S.D. and G. - Counselling  at Counselling and Support Services of S.D. and G. - Winchester Satellite Office,False,False,False,False,False,False
18759503,L2E 6Z8,43.1042335,-79.1093195,CMHA - Niagara - Mental Health Urgent Support Services at CMHA - Niagara - Niagara Falls,False,False,False,False,False,False
18759686,L2A 2S3,42.9298444,-78.9147295,CMHA - Niagara - Walk In Counselling at CMHA - Niagara - Fort Erie,False,False,False,False,False,False
18759687,L2E 6Z8,43.1042335,-79.1093195,CMHA - Niagara - Walk In Counselling at CMHA - Niagara - Niagara Falls,False,False,False,False,False,False
18705692,L1N 4K8,43.875251,-78.940125,Durham Mental Health Services - Community Support at Durham Mental Health Services - Whitby Main Office,False,False,False,False,False,False
19839078,L9R 1J3,44.1525608,-79.8709358,New Path - Adolescent Outreach at New Path - Alliston Branch,False,False,False,False,False,False
19839084,L3Z 2B4,44.1171099,-79.5655126,New Path - Adolescent Outreach at New Path - Bradford Branch,False,False,False,False,False,False
19839093,L4M 2Y1 ,44.4095533,-79.6891511,New Path - Adolescent Outreach at New Path - Head Office,False,False,False,False,False,False
18849085,L1G 4W5,43.9247705,-78.8754107,Bereaved Families of Ontario - One on One Support at Bereaved Families of Ontario - Durham Region,False,False,False,False,False,False
18849094,L1G 4W5,43.653226,-79.3831843,Bereaved Families of Ontario - Grief and Loss Support Group for Youth at Bereaved Families of Ontario - Durham Region,False,False,False,False,False,False
18850477,L1G 4W5,43.653226,-79.3831843,Bereaved Families of Ontario - Grief and Loss Support Group for Children at Bereaved Families of Ontario - Durham Region,False,False,False,False,False,False
19198064,P0L 1N0,49.418261,-82.422019,Hearst-Kapuskasing-Smooth Rock Falls Counselling Services - Crisis Intervention at Hearst Kapuskasing Smooth Rock Falls Counselling Services - Hearst,True,False,False,True,True,False
19198065,P5N 1W6,49.418261,-82.422019,Hearst-Kapuskasing-Smooth Rock Falls Counselling Services - Crisis Intervention at Hearst Kapuskasing Smooth Rock Falls Counselling Services - Kapuskasing ,True,False,False,True,True,False
19198066,P0L 2B0,49.418261,-82.422019,Hearst-Kapuskasing-Smooth Rock Falls Counselling Services - Crisis Intervention at Hearst Kapuskasing Smooth Rock Falls Counselling Services - Smooth Rock Falls,True,False,False,True,True,False
18723040,K6V 4J2,44.5979765,-75.6888672,"Lanark, Leeds and Grenville Addictions and Mental Health - Counselling Services at Lanark, Leeds and Grenville Addictions and Mental Health - Brockville",False,False,False,False,False,False
18723041,K0E 1G0,44.6424684,-76.0754653,"Lanark, Leeds and Grenville Addictions and Mental Health - Counselling Services at Lanark, Leeds and Grenville Addictions and Mental Health - Delta",False,False,False,False,False,False
18723042,K7G 2L5,44.3269284,-76.1636845,"Lanark, Leeds and Grenville Addictions and Mental Health - Counselling Services at Lanark, Leeds and Grenville Addictions and Mental Health - Gananoque",False,False,False,False,False,False
18723043,K0E 1T0,44.7094261,-75.5188054,"Lanark, Leeds and Grenville Addictions and Mental Health - Counselling Services at Lanark, Leeds and Grenville Addictions and Mental Health - Prescott",False,False,False,False,False,False
18723044,K0G 1J0,45.0086177,-75.6429176,"Lanark, Leeds and Grenville Addictions and Mental Health - Counselling Services at Lanark, Leeds and Grenville Addictions and Mental Health - Kemptville",False,False,False,False,False,False
19978182,L5N 3K3,43.605381,-79.731811,Rainbows - SunBeams at Rainbows - Barrie - Alliance Boulevard,False,False,False,False,False,False
19978183,L4N 0Z3,44.366239,-79.6789778,Rainbows - SunBeams at Rainbows - Barrie - Hurst Drive,False,False,False,False,False,False
19978184,N4K 2H7,44.568973,-80.942485,Rainbows - SunBeams at Rainbows - Chatsworth,False,True,False,False,False,False
19978185,L9Y 3Z1,44.4864302,-80.2024131,Rainbows - SunBeams at Rainbows - Collingwood,True,True,False,True,True,True
19978187,N0K 1E0,43.5046754,-81.285989,Rainbows - SunBeams at Rainbows - Dublin ,False,False,False,False,False,False
19978188,P0L 1N0,49.689057,-83.6656411,Rainbows - SunBeams at Rainbows - Hearst,False,False,False,False,False,False
19354393,P0L 1C0,49.0697734,-81.0210433,Minto Counselling Centre - In Person Crisis Services at Minto Counselling Centre - Cochrane Head Office ,False,False,False,False,False,False
19354395,P0L 1C0,49.0625,-81.0249599,Minto Counselling Centre - In Person Crisis Services at Minto Counselling Centre - Iroquois Falls      ,False,False,False,False,False,False
19354400,P0K 1N0,48.5396038,-80.4697506,Minto Counselling Centre - In Person Crisis Services at Minto Counselling Centre - Matheson,False,False,False,False,False,False
19354155,L9C 0C3,43.2382384,-79.9164817,Wellwood Resource Centre Of Hamilton - Bereavement Counselling at Wellwood Resource Centre of Hamilton - Community Site,False,False,False,False,False,False
19978205,L9P 2A8 ,44.1175731,-79.126778,Rainbows - SunBeams at Rainbows - Uxbridge,False,True,False,True,True,False
19978206,N7W 1A1,42.9551705,-82.1185394,Rainbows - SunBeams at Rainbows - Wyoming,False,False,False,False,False,False
19354952,N7M 1N9,42.3977449,-82.1886748,Chatham-Kent Community Health Centres - Anger Solutions for Youth at Chatham-Kent Community Health Centres - Chatham,False,False,False,False,False,False
19354954,N8A 2V4,42.5928346,-82.388732,Chatham-Kent Community Health Centres - Anger Solutions for Youth at Chatham-Kent Community Health Centres - Wallaceburg,False,False,False,False,False,False
19395505,L2N 1L5,43.1835087,-79.266327,Hospice Niagara - Child Bereavement Counselling at Hospice Niagara - Main Office,False,False,False,False,False,False
19398605,L2N 1L5,43.1865489,-79.2643297,Hospice Niagara - Adolescent Bereavement Counselling at Hospice Niagara - Main Office,False,False,False,False,False,False
19400079,K7A 5K9,44.9061856,-76.0292012,Lanark County Mental Health- Crisis Services at Lanark County Mental Health - Smith Falls,False,False,False,False,False,False
19400080,K7C 4J9,45.1523265,-76.149729,Lanark County Mental Health- Crisis Services at Lanark County Mental Health - Carleton Place,False,False,False,False,False,False
19990276,K0G 1J0,45.0081356,-75.6785003,Rainbows - Rainbows at Rainbows - Kemptville,False,False,False,False,False,False
19990277,P0H 1P0,46.35937,-79.4130332,Rainbows - Rainbows at Rainbows - Hornell Heights,False,False,False,False,False,False
19990279,L0L 1X0,44.4462294,-79.7483988,Rainbows - Rainbows at Rainbows - Midhurst - Highway 26,False,False,False,False,False,False
19990281,L3Y 6R2,44.0570459,-79.4389968,Rainbows - Rainbows at Rainbows - Newmarket,False,False,False,False,False,False
19990282,L6H 5N8,43.4712071,-79.7109761,Rainbows - Rainbows at Rainbows - Oakville,False,False,False,False,False,False
19990283,L1G 5X5,43.9117002,-78.8553724,Rainbows - Rainbows at Rainbows - Oshawa,False,False,False,False,False,False
19990284,K1J 1A1,45.4213747,-75.6331152,Rainbows - Rainbows at Rainbows - Ottawa ,False,False,False,False,False,False
19990285,K9J 6X6,44.2613762,-78.3520801,Rainbows - Rainbows at Rainbows - Peterborough - Fisher Drive,False,False,False,False,False,False
19990286,K9J 7M3,44.279145,-78.356338,Rainbows - Rainbows at Rainbows - Peterborough - Lansdowne Street,False,False,False,False,False,False
19990287,P1B 6S6,46.321119,-79.4597616,Rainbows - Rainbows at Rainbows - North Bay,False,False,False,False,False,False
19990288,L1V 6Y9,43.8090035,-79.1327068,Rainbows - Rainbows at Rainbows - Pickering - Altona Road,False,False,False,False,False,False
19990289,L1V 1S7,43.8330969,-79.1151857,Rainbows - Rainbows at Rainbows - Pickering - Sprucehill Road,False,False,False,False,False,False
19990291,L9P 2A8 ,43.8970929,-78.8657912,Rainbows - Rainbows at Rainbows - Uxbridge,False,True,False,True,True,True
19990292,L4C 6R7,43.8440068,-79.437874,Rainbows - Rainbows at Rainbows - Richmond Hill,False,False,False,False,False,False
19990294,L7E 4W7,43.875634,-79.7270551,Rainbows - Rainbows at Rainbows - West Bolton,False,False,False,False,False,False
19990296,N0N 1T0,42.9551705,-82.1185394,Rainbows - Rainbows at Rainbows - Wyoming,False,False,False,False,False,False
19990301,K0K 3W0,44.121022,-77.551326,Rainbows - Spectrum at Rainbows - Astra,False,False,False,False,False,False
19990302,L4N 0Z3,44.366239,-79.6789778,Rainbows - Spectrum at Rainbows - Barrie - Hurst Drive,False,False,False,False,False,False
19990303,L5N 3K3,43.605381,-79.731811,Rainbows - Spectrum at Rainbows - Barrie - Alliance Boulevard,False,False,False,False,False,False
19613401,K9V 3L9,44.3557966,-78.7395303,John Howard Society of Kawartha Lakes & Haliburton - Attendance Centre at John Howard Society of Kawartha Lakes & Haliburton - Lindsay Main Office,False,False,False,False,False,False
19613402,K0M 2K0,44.9182181,-78.7219387,John Howard Society of Kawartha Lakes & Haliburton - Attendance Centre at John Howard Society of Kawartha Lakes & Haliburton - Minden Office,False,False,False,False,False,False
19820883,L9R 1J3,44.1525608,-79.8709358,New Path - Youth and Family Counselling Program at New Path - Alliston Branch,False,False,False,False,False,False
19820892,L4M 2Y1,44.4095533,-79.6891511,New Path - Youth and Family Counselling Program at New Path - Head Office,False,False,False,False,False,False
19820901,L3Z 2B4,44.1171099,-79.5655126,New Path - Youth and Family Counselling Program at New Path - Bradford Branch,False,False,False,False,False,False
19820905,L9Y 1A8,44.5022103,-80.2240335,New Path - Youth and Family Counselling Program at New Path - Collingwood Office,False,False,False,False,False,False
19820910,L3V 4S8,44.6057707,-79.4109699,New Path - Youth and Family Counselling Program at New Path - Orillia Branch,False,False,False,False,False,False
19839098,L3V 4S8,44.6057707,-79.4109699,New Path - Adolescent Outreach at New Path - Orillia Branch,False,False,False,False,False,False
19899819,L9R 1J3,44.1525608,-79.8709358,New Path - New Directions Treatment Program at New Path - Alliston Branch,False,False,False,False,False,False
19899820,L4M 2Y1,44.4095533,-79.6891511,New Path - New Directions Treatment Program at New Path - Head Office,False,False,False,False,False,False
19899898,L3Z 2B2,44.1171099,-79.5655126,New Path - New Directions Treatment Program at New Path - Bradford Branch,False,False,False,False,False,False
19899902,L9Y 1A8,44.5022103,-80.2240335,New Path - New Directions Treatment Program at New Path - Collingwood Office,False,False,False,False,False,False
19899907,L3V 4S8,44.6057707,-79.4109699,New Path - New Directions Treatment Program at New Path - Orillia Branch,False,False,False,False,False,False
19201763,M4T 1W6,43.6845473,-79.3899842,Bereaved Families of Ontario - One on One Support at Bereaved Families of Ontario - Toronto,False,False,False,False,False,False
19205710,L4G 6T5,44.0180701,-79.4498032,Kinark Child and Family Services - Crisis Support Services at Kinark Child and Family Services - Aurora,False,True,True,True,True,True
19205716,L4N 6T4,44.386746,-79.69122,Kinark Child and Family Services - Crisis Support Services at Kinark Child and Family Services - Barrie,False,False,False,False,False,False
19205728,K0L 1L0,44.304388,-77.786194,Kinark Child and Family Services - Crisis Support Services at Kinark Child and Family Services - Campbellford,False,False,False,False,False,False
19205736,K9A 5J7,43.9764199,-78.1995269,Kinark Child and Family Services - Crisis Support Services at Kinark Child and Family Services - Cobourg,False,False,False,False,False,False
19205746,L1N 8Y3,43.8722085,-78.914503,Kinark Child and Family Services - Crisis Support Services at Kinark Child and Family Services - Durham Region,False,False,False,False,False,False
19215386,N5P 4L1,42.7933371,-81.1638369,Wellkin Child and Youth Mental Wellness - Anger Solutions Group at Wellkin Child and Youth Mental Wellness - St.Thomas,False,False,False,False,False,False
19215398,N5C 3C9,43.0423483,-80.8878076,Wellkin Child and Youth Mental Wellness - Anger Solutions Group at Wellkin Child and Youth Mental Wellness - Ingersoll,False,False,False,False,False,False
19215411,N4G 4W3,42.8619308,-80.7292388,Wellkin Child and Youth Mental Wellness - Anger Solutions Group at Wellkin Child and Youth Mental Wellness - Tillsonburg,False,False,False,False,False,False
19215423,N4S 1H1,43.1331372,-80.7347494,Wellkin Child and Youth Mental Wellness - Anger Solutions Group at Wellkin Child and Youth Mental Wellness - Woodstock,False,False,False,False,False,False
19978195,P1B 6S6,46.321119,-79.4597616,Rainbows - SunBeams at Rainbows - North Bay,False,False,False,False,False,False
19978196,L3Y 6R2,44.0570459,-79.4389968,Rainbows - SunBeams at Rainbows - Newmarket,False,False,False,False,False,False
19978197,L1G 5X5,43.9117002,-78.8553724,Rainbows - SunBeams at Rainbows - Oshawa,False,False,False,False,False,False
19978198,K9J 6X6,44.2613762,-78.3520801,Rainbows - SunBeams at Rainbows - Peterborough - Fisher Drive,False,False,False,False,False,False
19978199,K1J 1A1,45.4213747,-75.6331152,Rainbows - SunBeams at Rainbows - Ottawa ,False,False,False,False,False,False
19978200,L6H 5N8,43.4712071,-79.7109761,Rainbows - SunBeams at Rainbows - Oakville,False,False,False,False,False,False
19978201,L1V 6Y9,43.8090035,-79.1327068,Rainbows - SunBeams at Rainbows - Pickering - Altona Road,False,False,False,False,False,False
19978202,K9J 7M3,44.279145,-78.356338,Rainbows - SunBeams at Rainbows - Peterborough - Lansdowne Street,False,False,False,False,False,False
19978203,L1V 1S7,43.8330969,-79.1151857,Rainbows - SunBeams at Rainbows - Pickering - Sprucehill Road,False,False,False,False,False,False
19978204,L4C 6R7,43.8440068,-79.437874,Rainbows - SunBeams at Rainbows - Richmond Hill,False,False,False,False,False,False
19978212,L7E 4W7,43.875634,-79.7270551,Rainbows - SunBeams at Rainbows - West Bolton,False,False,False,False,False,False
19990232,N0K 1E0,43.5046754,-81.285989,Rainbows - Prism at Rainbows - Dublin ,False,False,False,False,False,False
19990267,L4N 0Z3,44.366239,-79.6789778,Rainbows - Rainbows at Rainbows - Barrie - Hurst Drive,False,False,False,False,False,False
19990268,L5N 3K3,43.605381,-79.731811,Rainbows - Rainbows at Rainbows - Barrie - Alliance Boulevard,False,False,False,False,False,False
19990269,N4K 2H7,44.568973,-80.942485,Rainbows - Rainbows at Rainbows - Chatsworth,False,True,False,False,False,False
19990270,K0K 3W0,44.121022,-77.551326,Rainbows - Rainbows at Rainbows - Astra,False,False,False,False,False,False
19990271,N0K 1E0,43.5046754,-81.285989,Rainbows - Rainbows at Rainbows - Dublin ,False,False,False,False,False,False
19990272,L9Y 4N9,44.4864302,-80.2024131,Rainbows - Rainbows at Rainbows - Collingwood,False,False,False,False,False,False
19990274,N4N 3A1,44.1582096,-81.0198007,Rainbows - Rainbows at Rainbows - Hanover,False,False,False,False,False,False
19990275,P0L 1N0,49.687565,-83.670594,Rainbows - Rainbows at Rainbows - Hearst,False,False,False,False,False,False
19990304,L9Y 4X1,44.5048067,-80.2009187,Rainbows - Spectrum at Rainbows - Collingwood,False,False,False,False,False,False
19990305,N0H 1G0,44.568973,-80.942485,Rainbows - Spectrum at Rainbows - Chatsworth,False,False,False,False,False,True
19990306,N0K 1E0,43.5046754,-81.285989,Rainbows - Spectrum at Rainbows - Dublin ,False,False,False,False,False,False
19990307,N4N 3A1,44.1582096,-81.0198007,Rainbows - Spectrum at Rainbows - Hanover,False,False,False,False,False,False
19990309,K0G 1J0,45.0081356,-75.6785003,Rainbows - Spectrum at Rainbows - Kemptville,False,False,False,False,False,False
19990311,P0L 1N0,49.687565,-83.670594,Rainbows - Spectrum at Rainbows - Hearst,False,False,False,False,False,False
19990312,L0L 1X0,44.4462294,-79.7483988,Rainbows - Spectrum at Rainbows - Midhurst - Highway 26,False,False,False,False,False,False
19990313,L6C 3C1,43.888321,-79.3652228,Rainbows - Spectrum at Rainbows - Markham,False,False,False,False,False,False
19990314,L3Y 6R2,44.0570459,-79.4389968,Rainbows - Spectrum at Rainbows - Newmarket,False,False,False,False,False,False
19990317,L6H 5N8,43.4712071,-79.7109761,Rainbows - Spectrum at Rainbows - Oakville,False,False,False,False,False,False
19990318,P1B 6S6,46.321119,-79.4597616,Rainbows - Spectrum at Rainbows - North Bay,False,False,False,False,False,False
19990319,K1J 1A1,45.4213747,-75.6331152,Rainbows - Spectrum at Rainbows - Ottawa ,False,False,False,False,False,False
19990320,L1G 5X5,43.9117002,-78.8553724,Rainbows - Spectrum at Rainbows - Oshawa,False,False,False,False,False,False
19990322,L1V 1S7,43.8330969,-79.1151857,Rainbows - Spectrum at Rainbows - Pickering - Sprucehill Road,False,False,False,False,False,False
19990323,L1V 6Y9,43.8090035,-79.1327068,Rainbows - Spectrum at Rainbows - Pickering - Altona Road,False,False,False,False,False,False
19990324,K9J 6X6,44.2613762,-78.3520801,Rainbows - Spectrum at Rainbows - Peterborough - Fisher Drive,False,False,False,False,False,False
19990326,L4C 6R7,43.8440068,-79.437874,Rainbows - Spectrum at Rainbows - Richmond Hill,False,False,False,False,False,False
19990327,L7E 4W7,43.875634,-79.7270551,Rainbows - Spectrum at Rainbows - West Bolton,False,False,False,False,False,False
19990328,L9P 2A8 ,43.90320519,-78.85948665,Rainbows - Spectrum at Rainbows - Uxbridge,False,False,False,True,True,True
19990329,N7W 1A1,42.9551705,-82.1185394,Rainbows - Spectrum at Rainbows - Wyoming,False,False,False,False,False,False
19978189,K0G 1J0,45.0081356,-75.6785003,Rainbows - SunBeams at Rainbows - Kemptville,False,False,False,False,False,False
19978190,P0H 1P0,46.35937,-79.4130332,Rainbows - SunBeams at Rainbows - Hornell Heights,False,False,False,False,False,False
19978191,L0L 1X0,44.4462294,-79.7483988,Rainbows - SunBeams at Rainbows - Midhurst - Highway 26,False,False,False,False,False,False
19978192,L6C 3C1,43.888321,-79.3652228,Rainbows - SunBeams at Rainbows - Markham,False,False,False,False,False,False
19978194,N4N 3A1,44.1582096,-81.0198007,Rainbows - SunBeams at Rainbows - Hanover,False,False,False,False,False,False
21595854,K8N 2Z2,44.1645397,-77.3853755,Addictions and Mental Health Services - Hastings Prince Edward - Community Treatment Services at Addictions Centre- Hastings/Prince Edward Counties - Bancroft Office,False,False,False,False,False,False
21634356,L9T 1B8,43.5100153,-79.8745937,ADAPT - Days Ahead at ADAPT - Milton,False,False,False,False,False,False
21634357,L6J 0A9 ,43.4551412,-79.6851804,ADAPT - Days Ahead at ADAPT - Oakville,False,False,False,False,False,False
22784863,K8N 2Z2,44.1639778,-77.384226,Youth Habilitation Quinte - Eating Disorders at Youth Habilitation Quinte - Belleville,False,False,False,False,False,False
21457014, K0L 1L0,44.3124044,-77.7898476,Fourcast - Youth Options at Fourcast - Campbellford,False,False,False,False,False,False
21457015,K9A 5J3 ,43.9724036,-78.194929,Fourcast - Youth Options at Fourcast - Cobourg,False,False,False,False,False,False
21457016,K0M 2K0,44.960325,-78.703148,Fourcast - Youth Options at Fourcast - Minden ,False,False,False,False,False,False
21457017,K9V 6A5,44.354253,-78.738203,Fourcast - Youth Options at Fourcast - Lindsay,False,False,False,False,False,False
21457018,K9H 2K8,44.305967,-78.31912,Fourcast - Youth Options at Fourcast - Peterborough,False,False,False,False,False,False
21457022,L1S 7K8,43.842878,-79.023373,Pinewood Centre - Dawn at Pinewood Centre - Ajax,False,False,False,False,False,False
21457025,L1J 2K5,43.89574,-78.871068,Pinewood Centre - Dawn at Pinewood Centre - Oshawa,False,False,False,False,False,False
21457026,L9L 1B7,44.103682,-78.945028,Pinewood Centre - Dawn at Pinewood Centre - Port Perry,False,False,False,False,False,False
21457027,M1K 5G8,43.732228,-79.268029,Pinewood Centre - Dawn at Pinewood Centre - Scarborough Community Withdrawal and Outpatient Services ,False,False,False,False,False,False
21457080,K7A 5K9 ,44.9061882,-76.0291695,Tri-county Addiction Services at TriCounty Addiction Services - Smiths Falls,False,False,False,False,False,False
21473334,L1S 7K8,43.8418293,-79.0226599,Pinewood Centre - Youth Case Management at Pinewood Centre - Ajax,False,False,False,False,False,False
21473335,L1C 1P3,43.9107738,-78.6789665,Pinewood Centre - Youth Case Management at Pinewood Centre - Bowmanville,False,False,False,False,False,False
21473336,L9L 1B7 ,44.1041193,-78.9427666,Pinewood Centre - Youth Case Management at Pinewood Centre - Port Perry,False,False,False,False,False,False
21473351,L1S 7K8,43.8418293,-79.0226599,Pinewood Centre - Group Services at Pinewood Centre - Ajax,False,False,False,False,False,False
21473352,L1C 1P3,43.9107738,-78.6789665,Pinewood Centre - Group Services at Pinewood Centre - Bowmanville,False,False,False,False,False,False
21473353,L1J 2K5,43.8898779,-78.8796635,Pinewood Centre - Group Services at Pinewood Centre - Oshawa,False,False,False,False,False,False
21473354,L9L 1B7,44.1041193,-78.9427666,Pinewood Centre - Group Services at Pinewood Centre - Port Perry,False,False,False,False,False,False
21580019,P0L 2B0,49.2802811,-81.6367727,North Cochrane Addiction Services - Youth Program at North Cochrane Addiction Services - Smooth Rock Falls Office  ,False,False,False,False,False,False
21580020,P0L 1C0,49.0697734,-81.0210433,North Cochrane Addiction Services - Youth Program at North Cochrane Addiction Services - Cochrane Office,False,False,False,False,False,False
21580021,P0L 1N0,49.4179385,-82.4227385,North Cochrane Addiction Services - Youth Program at North Cochrane Addiction Services - Hearst Office,False,False,False,False,False,False
21580022,P5N 1W6,49.4179385,-82.4227385,North Cochrane Addiction Services - Youth Program at North Cochrane Addiction Services - Kapuskasing Office   ,False,False,False,False,False,False
21595855,K0K 2K0,44.1645397,-77.3853755,Addictions and Mental Health Services - Hastings Prince Edward - Community Treatment Services at Addictions Centre- Hastings/Prince Edward Counties - Madoc Office ,False,False,False,False,False,False
21595860,K8N 2Z2,44.1645397,-77.3853755,Addictions and Mental Health Services - Hastings Prince Edward - Community Treatment Services at Addictions Centre- Hastings/Prince Edward Counties - Main Office (Belleville),False,False,False,False,False,False
21595864,K0K 2T0 ,44.1645397,-77.3853755,Addictions and Mental Health Services - Hastings Prince Edward - Community Treatment Services at Addictions Centre- Hastings/Prince Edward Counties - Picton Office,False,False,False,False,False,False
21595865,K8N 2Z2,44.1645397,-77.3853755,Addictions and Mental Health Services - Hastings Prince Edward - Community Treatment Services at Addictions Centre- Hastings/Prince Edward Counties - Trenton Office,False,False,False,False,False,False
21596874,L4G 1N1,43.9885608,-79.4648935,Addiction Services for York Region - Youth and Family Program at Addiction Services for York Region - Aurora Office,False,False,False,False,False,False
21596877,L3R 9T3,43.8553275,-79.3575656,Addiction Services for York Region - Youth and Family Program at Addiction Services for York Region - Markham Office,False,False,False,False,False,False
21596878,L4C 2M6,43.8781537,-79.4378632,Addiction Services for York Region - Youth and Family Program at Addiction Services for York Region - Richmond Hill Office,False,False,False,False,False,False
21596879,L6A 1W2,43.8542069,-79.51584,Addiction Services for York Region - Youth and Family Program at Addiction Services for York Region - Vaughan Office,False,False,False,False,False,False
21634353,L7J 1V9,43.6304987,-80.0422638,ADAPT - Days Ahead at ADAPT - Acton,False,False,False,False,False,False
21634354,L7R 3N2,43.3471085,-79.7969212,ADAPT - Days Ahead at ADAPT - Burlington,False,False,False,False,False,False
21634355,L7G 5B5  ,43.6501864,-79.9014874,ADAPT - Days Ahead at ADAPT - Georgetown,False,False,False,False,False,False
22784773,P6B 1Y3,46.5215222,-84.3178363,Algoma Family Services  - Cognitive Therapy Clinic (CTC) at Algoma Family Services - Head Office,False,False,False,False,False,False
22784774,P0S 1K0,46.5215222,-84.3178363,Algoma Family Services  - Cognitive Therapy Clinic (CTC) at Algoma Family Services - North Algoma Office,True,True,True,True,True,True
22784775,P6B 1Y3,46.5215222,-84.3178363,Algoma Family Services  - Cognitive Therapy Clinic (CTC) at Algoma Family Services - Sault Ste Marie,False,False,False,False,False,False
22834726,M6B 1V9,43.7751709,-79.4531604,JVS Toronto - Employment Services at JVS Toronto - Bathurst Finch Hub,False,False,False,False,False,False
21616201,L4R 3K8,44.7488356,-79.8822963,CMHA - Simcoe County - Addiction Counselling at CMHA - Simcoe County - Midland Office,False,False,False,False,False,False
24323297,L8R 1B1,43.485762,-79.7150974,"Goodwill, The Amity Group - Employment Services at Goodwill, The Amity Group - North Oakville",False,False,False,False,False,False
24323293,L8R 1B1,43.3791268,-79.8077596,"Goodwill, The Amity Group - Employment Services at Goodwill, The Amity Group - Burlington",False,False,False,False,False,False
24323296,L8R 1B1,43.2126546,-79.8461303,"Goodwill, The Amity Group - Employment Services at Goodwill, The Amity Group - Hamilton Mountain",False,False,False,False,False,False
25050772,K7C 0C5,45.1116472,-76.2075434,Dave Smith Youth Treatment Centre - Residential Treatment at Dave Smith Youth Treatment Centre - Carleton Place (Male) Residential Campus ,False,False,False,False,False,False
25050773,K0A 1L0,45.3055008,-75.9611034,Dave Smith Youth Treatment Centre - Residential Treatment at Dave Smith Youth Treatment Centre - Carp (Female) Residential Campus,False,False,False,False,False,False
25065978,N2L 3L5,43.4664115,-80.5236962,Pioneer Youth Services at Pioneer Youth Services - Albert Program,False,False,False,False,False,False
24321745,K1N 9G4,45.4344338,-75.6844515,Metis Nation Of Ontario - Employment and Training - Métis Employability Program (MEP) at Metis Nation Of Ontario - Ottawa,False,False,False,False,False,False
25145444,K0C 1A0,45.0193164,-74.7249662,Cornwall Community Hospital - Addiction Services ASEO - Substance Abuse Community Treatment Program at Cornwall Community Hospital - Alexandria Satellite,True,False,False,False,False,True
25145445,K6H 1Y4,45.0193044,-74.7250225,Cornwall Community Hospital - Addiction Services ASEO - Substance Abuse Community Treatment Program at Cornwall Community Hospital - Cumberland Street Site,False,False,False,False,False,False
25145446,K0C 2K0,45.0193164,-74.7249662,Cornwall Community Hospital - Addiction Services ASEO - Substance Abuse Community Treatment Program at Cornwall Community Hospital - Winchester Satellite ,False,False,False,False,False,False
25225892,K7R 1J1,44.2486986,-76.9479195,Addiction and Mental Health Services - Kingston Frontenac Lennox and Addington - Crisis Services  at Addiction and Mental Health Services - Kingston Frontenac Lennox and Addington - Lennox and Addington - 70 Dundas Street East,False,False,False,False,False,False
25225893,K7L 1B9,44.2330632,-76.4913938,Addiction and Mental Health Services - Kingston Frontenac Lennox and Addington - Crisis Services  at Addiction and Mental Health Services - Kingston Frontenac Lennox and Addington - Kingston and Frontenac - 385 Princess Street,False,False,False,False,False,False
25226289,K7L 1B9,44.2330632,-76.4913938,Addiction and Mental Health Services - Kingston Frontenac Lennox and Addington - Addiction Services  at Addiction and Mental Health Services - Kingston Frontenac Lennox and Addington - Kingston and Frontenac - 385 Princess Street,False,False,False,False,False,False
25226292,K7R 1J1,44.236229,-76.497701,Addiction and Mental Health Services - Kingston Frontenac Lennox and Addington - Addiction Services  at Addiction and Mental Health Services - Kingston Frontenac Lennox and Addington - Lennox and Addington - 70 Dundas Street East,False,False,False,False,False,False
25226262,K7L 1B9,44.236229,-76.497701,Addiction and Mental Health Services - Kingston Frontenac Lennox and Addington - Walk In Services at Addiction and Mental Health Services - Kingston Frontenac Lennox and Addington - Kingston and Frontenac - 385 Princess Street,False,False,False,False,False,False
25226263,K7R 1J1,44.236229,-76.497701,Addiction and Mental Health Services - Kingston Frontenac Lennox and Addington - Walk In Services at Addiction and Mental Health Services - Kingston Frontenac Lennox and Addington - Lennox and Addington - 70 Dundas Street East,False,False,False,False,False,False
25558665,N7A 3A2,43.6167341,-81.541794,Alexandra Marine and General Hospital - Community Psychiatric Service at Alexandra Marine and General Hospital - Clinton ,False,False,False,False,False,False
25558667,N7A 3A2,43.7502864,-81.7047763,Alexandra Marine and General Hospital - Community Psychiatric Service at Alexandra Marine and General Hospital - Goderich ,False,False,False,False,False,False
23969162,L1H 1C8,43.8999036,-78.8537419,Durham Region Unemployed Help Centre - Assisted Services at Durham Region Unemployed Help Centre - Oshawa,False,False,False,False,False,False
25015866,P8N 2Z6,49.7700986,-92.8386258,Dryden Regional Health Centre - Mental Health and Addictions - Counselling  at Dryden Regional Health Centre - Main Site ,False,False,False,False,False,False
25015867,P0T 1T0,49.416539,-91.65899,Dryden Regional Health Centre - Mental Health and Addictions - Counselling  at Dryden Regional Health Centre - Mary Berglund Community Health Centre ,False,False,False,False,False,False
25065980,N2L 3L5,43.4664115,-80.5236962,Pioneer Youth Services at Pioneer Youth Services - Lang Program,False,False,False,False,False,False
25099908, N5Y 3G1,43.0056559,-81.2125667,Turning Point - Inpatient Substance Abuse Treatment at Turning Point - Women's Residence,False,False,False,False,False,False
25099909, N6H 2B6,42.9911343,-81.2644118,Turning Point - Inpatient Substance Abuse Treatment at Turning Point - Men's Residence,False,False,False,False,False,False
25633772,K6V 4J2,44.5978054,-75.6817297,Brockville General Hospital Outpatient Mental Health - Outpatient Program  at Brockville General Hospital Outpatient Mental Health - Brockville,False,False,False,False,False,False
25633777,K7G 2L5,44.5895244,-75.6842858,Brockville General Hospital Outpatient Mental Health - Outpatient Program  at Brockville General Hospital Outpatient Mental Health - Gananoque Satellite Clinic,False,False,False,False,False,False
25633783,K0G 1J0,44.5895244,-75.6842858,Brockville General Hospital Outpatient Mental Health - Outpatient Program  at Brockville General Hospital Outpatient Mental Health - Kemptville Satellite Clinics,False,False,False,False,False,False
25633787,K0E 1T0,44.7094261,-75.5188054,Brockville General Hospital Outpatient Mental Health - Outpatient Program  at Brockville General Hospital Outpatient Mental Health - Prescott Satellite Clinic,False,False,False,False,False,False
25633792,K7A 5K9,44.9061856,-76.0292012,Brockville General Hospital Outpatient Mental Health - Outpatient Program  at Brockville General Hospital Outpatient Mental Health - Smiths Falls Satellite Clinic,False,False,False,False,False,False
25960026,P5E 1E9,46.49,-81.01,Health Sciences North - Sudbury Mental Health and Addictions Centre - Outpatient Addictions and Gambling Service at Health Sciences North - Espanola Mental Health Clinic,False,False,False,False,False,False
25960027,P0P 1K0,45.9801743,-81.9319565,Health Sciences North - Sudbury Mental Health and Addictions Centre - Outpatient Addictions and Gambling Service at Health Sciences North - Manitoulin Site Mental Health Clinic,False,False,False,False,False,False
25960262,P5A 1Y9,46.3858052,-82.6486109,Health Sciences North - Sudbury Mental Health and Addictions Centre - Adult Mental Health Counselling and Treatment Services at Health Sciences North - Elliot Lake Mental Health Clinic,False,False,False,False,False,False
26115374,N3H 4L5,43.4377379,-80.4600714,Front Door - Walk-In Counselling at Front Door - Cambridge - Langs Community Health Centre,False,False,False,False,False,False
26115375,N2G 2P1,43.4377379,-80.4600714,Front Door - Walk-In Counselling at Front Door - Kitchener,False,False,False,False,False,False
26304245,P0S 1K0,47.9667,-84.7867,Lady Dunn Health Centre - North Algoma Counselling Service at White River Medical Clinic ,False,False,False,False,False,False
26304252,P0S 1B0,48.3465563,-84.7718988,Lady Dunn Health Centre - North Algoma Counselling Service at Dubreuilville Nursing and Medical Clinic,False,False,False,False,False,False
26304253,P0S 1K0,47.9997913,-84.7718988,Lady Dunn Health Centre - North Algoma Counselling Service at Lady Dunn Health Centre - Wawa,False,False,False,False,False,False
26115774,L4G 1M2,43.9953598,-79.4665362,Youthdale Treatment Centres - Residential Mental Health Treatment at Youthdale Treatment Centres - York Region Residence,False,False,False,False,False,False
26115773,L4G 1M2,43.9953598,-79.4665362,Youthdale Treatment Centres - Residential Mental Health Treatment at Youthdale Treatment Centres - Rural Treatment Residence,False,False,False,False,False,False
26115772,L4G 1M2,43.9953598,-79.4665362,Youthdale Treatment Centres - Residential Mental Health Treatment at Youthdale Treatment Centres - Psychiatric Treatment Residence,False,False,False,False,False,False
26115771,L4G 1M2,43.9953598,-79.4665362,Youthdale Treatment Centres - Residential Mental Health Treatment at Youthdale Treatment Centres - Jewish Cultural Residence,False,False,False,False,False,False
25960265,P0M 2W0,46.386179,-82.650941,Health Sciences North - Sudbury Mental Health and Addictions Centre - Adult Mental Health Counselling and Treatment Services at Health Sciences North - St. Charles Mental Health Clinic,False,False,False,False,False,False
25960264,P0P 1K0,46.386179,-82.650941,Health Sciences North - Sudbury Mental Health and Addictions Centre - Adult Mental Health Counselling and Treatment Services at Health Sciences North - Manitoulin Site Mental Health Clinic,False,False,False,False,False,False
25960263,P5E 1G1 ,46.386179,-82.650941,Health Sciences North - Sudbury Mental Health and Addictions Centre - Adult Mental Health Counselling and Treatment Services at Health Sciences North - Espanola Mental Health Clinic,False,False,False,False,False,False
25960118,P3E 1B1,46.4921611,-80.9920568,Health Sciences North - Mood and Anxiety Program  at Health Sciences North - Sudbury Mental Health and Addictions Centre - Cedar Street,False,False,False,False,False,False
25960117,P3E 1B1,46.491852,-80.991713,Health Sciences North - Mood and Anxiety Program  at Health Sciences North - St. Charles Mental Health Clinic,False,False,False,False,False,False
25960116,P0P 1K0,45.9801743,-81.9319565,Health Sciences North - Mood and Anxiety Program  at Health Sciences North - Manitoulin Site Mental Health Clinic,False,False,False,False,False,False
25960115,P5E 1G1,46.2629324,-81.7669526,Health Sciences North - Mood and Anxiety Program  at Health Sciences North - Espanola Mental Health Clinic,False,False,False,False,False,False
25960114,P5A 1Y9,46.3858052,-82.6486109,Health Sciences North - Mood and Anxiety Program  at Health Sciences North - Elliot Lake Mental Health Clinic,False,False,False,False,False,False
26569621,K7S 3W4,45.43473,-76.3617142,Robbie Dean Family Counselling Centre - Crisis Counselling  at Robbie Dean Family Counselling Centre - Arnprior Crisis Clinic ,False,False,False,False,False,False
26569622, K8A 0C6,45.8142226,-77.1078612,Robbie Dean Family Counselling Centre - Crisis Counselling  at Robbie Dean Family Counselling Centre - Pembroke Main Office and Clinic,False,False,False,False,False,False
26569623,K7V 1N2,45.4709027,-76.6812821,Robbie Dean Family Counselling Centre - Crisis Counselling  at Robbie Dean Family Counselling Centre - Petawawa Crisis Clinic ,False,False,False,False,False,False
26569624,K7V 1N2,45.4709027,-76.6812821,Robbie Dean Family Counselling Centre - Crisis Counselling  at Robbie Dean Family Counselling Centre - Renfrew Crisis Clinic ,False,False,False,False,False,False
26876518,P3E 1B1,46.4921611,-80.9920568,Health Sciences North - Sudbury Mental Health and Addictions Centre - In Person Crisis Intervention Services at Health Sciences North - Sudbury Mental Health and Addictions Centre - Cedar Street,False,False,False,False,False,False
26876519, P3E 1X3,46.4679347,-80.9962836,Health Sciences North - Sudbury Mental Health and Addictions Centre - In Person Crisis Intervention Services at Health Sciences North - Ramsey Lake Health Centre,False,False,False,False,False,False
26934626,M1S 5G5,43.8006566,-79.300604,Centre for Immigrant and Community Services - Employment Services at Centre for Immigrant and Community Services - Toronto Integrated Service Centre,False,False,False,False,False,False
26876417,K1V 7Z4,45.3744395,-75.6652976,Walk-In Counselling Clinic - Walk in Mental Health Counselling  at Walk-In Counselling Clinic - Somali Centre for Family Services ,False,False,False,False,False,False
26876416,K1Y 2X5,45.4066,-75.7221795,Walk-In Counselling Clinic - Walk in Mental Health Counselling  at Walk-In Counselling Clinic - Ottawa Community Immigrant Services Organization (OCISO),False,False,False,False,False,False
26876415,K2P 2A8 ,45.4127755,-75.6968956,Walk-In Counselling Clinic - Walk in Mental Health Counselling  at Walk-In Counselling Clinic - Ottawa Chinese Community Service Center (OCCSC) ,False,False,False,False,False,False
26876414,K0J 1P0 ,46.0914087,-77.4760765,Walk-In Counselling Clinic - Walk in Mental Health Counselling  at Walk-In Counselling Clinic - North Renfrew Family Services,False,False,False,False,False,False
26876413,K2B 7Z5,45.3688553,-75.7746398,Walk-In Counselling Clinic - Walk in Mental Health Counselling  at Walk-In Counselling Clinic - Jewish Family Services of Ottawa ,False,False,False,False,False,False
26876412, K1Y 4X5,45.4031231,-75.7306797,Walk-In Counselling Clinic - Walk in Mental Health Counselling  at Walk-In Counselling Clinic - Family Services Ottawa ,False,False,False,False,False,False
26876411,K6H 1B1  ,45.0185581,-74.715357,"Walk-In Counselling Clinic - Walk in Mental Health Counselling  at Walk-In Counselling Clinic - Counselling and Support Services of Stormont, Dundas and Glengarry ",False,False,False,False,False,False
26876410,K1L 7K3,45.4340617,-75.6616938,Walk-In Counselling Clinic - Walk in Mental Health Counselling  at Walk-In Counselling Clinic - Catholic Family Service Ottawa (CFS),False,False,False,False,False,False
26590893,N7T 4C7,42.9733488,-82.4038379,CMHA - Lambton Kent - Short-Term Counselling Services at CMHA - Lambton Kent - Sarnia Office,False,False,False,False,False,False
26590892,N7L 1C1,42.4028347,-82.1982412,CMHA - Lambton Kent - Short-Term Counselling Services at CMHA - Lambton Kent - Chatham Office,False,False,False,False,False,False
26569378,P0A 1Z0 ,45.7707042,-79.3916193,CMHA - Muskoka-Parry Sound - Early Intervention in Psychosis Program  at CMHA - Muskoka-Parry Sound - Sundridge Office ,False,False,False,False,False,False
26569377,P2A 1T5,45.3448942,-80.0338398,CMHA - Muskoka-Parry Sound - Early Intervention in Psychosis Program  at CMHA - Muskoka-Parry Sound - Parry Sound Office ,False,False,False,False,False,False
26569087,P1H 1W9 ,45.3269323,-79.2167539,CMHA - Muskoka-Parry Sound - Early Intervention in Psychosis Program  at CMHA - Muskoka-Parry Sound - Huntsville Office ,False,False,False,False,False,False
26569072,P1L 1S3,45.0443189,-79.3168719,CMHA - Muskoka-Parry Sound - Early Intervention in Psychosis Program  at CMHA - Muskoka-Parry Sound - Bracebridge Office,False,False,False,False,False,False
27851501,P2A 1T5,44.3586782,-79.7136107,YMCA of Simcoe and Muskoka - Employment Services at YMCA of Simcoe and Muskoka - Parry Sound,False,False,False,False,False,False
27851500,L4R 3M8,44.3893556,-79.6903316,YMCA of Simcoe and Muskoka - Employment Services at YMCA of Simcoe and Muskoka - Midland,False,False,False,False,False,False
27851499,P1H 1G3,45.3328405,-79.2079354,YMCA of Simcoe and Muskoka - Employment Services at YMCA of Simcoe and Muskoka - Huntsville,False,False,False,False,False,False
28328545,N2J 4V3,43.4627625,-80.5207666,Waterloo Region Public Health - Sexual Health Counselling  at Waterloo Region Public Health - Waterloo Clinic,False,False,False,False,False,False
29400386,P0S 1K0,47.9929602,-84.7702544,Algoma Family Services - Crisis Response at Algoma Family Services - North Algoma Office,False,True,True,True,True,True
29400385,P5A 2A7,46.385099,-82.64746,Algoma Family Services - Crisis Response at Algoma Family Services - East Algoma Office,False,True,False,True,True,True
28328544,N2H 3Z1,43.452483,-80.489681,Waterloo Region Public Health - Sexual Health Counselling  at Waterloo Region Public Health - Kitchener Downtown Community Clinic,False,False,False,False,False,False
28328543,N1R 3H3,43.386543,-80.322283,Waterloo Region Public Health - Sexual Health Counselling  at Waterloo Region Public Health - Cambridge YMCA Service Site,False,False,False,False,False,False
28328542,N1R 6P9,43.3594231,-80.3098915,Waterloo Region Public Health - Sexual Health Counselling  at Waterloo Region Public Health - Cambridge Clinic,False,False,False,False,False,False
30991902,P1L 1S3,45.0389565,-79.3078787,CMHA - Muskoka-Parry Sound - Youth Services at CMHA - Muskoka-Parry Sound - Bracebridge Office,False,False,False,False,False,False
30991903,P1H 1W9,45.0389565,-79.3078787,CMHA - Muskoka-Parry Sound - Youth Services at CMHA - Muskoka-Parry Sound - Huntsville Office ,False,False,False,False,False,False
30991904,P2A 1T5,45.0389565,-79.3078787,CMHA - Muskoka-Parry Sound - Youth Services at CMHA - Muskoka-Parry Sound - Parry Sound Office ,False,False,False,False,False,False
30991905,P0A 1Z0,45.7707042,-79.3916193,CMHA - Muskoka-Parry Sound - Youth Services at CMHA - Muskoka-Parry Sound - Sundridge Office ,False,False,False,False,False,False
30992008,L4N 1W2,44.3893556,-79.6903316,CMHA - Simcoe County -  Assertive Community Treatment Team (ACTT)  at CMHA - Simcoe County - Barrie Bradford Street,False,False,False,False,False,False
30992009,L3V 3J4,44.3893556,-79.6903316,CMHA - Simcoe County -  Assertive Community Treatment Team (ACTT)  at CMHA - Simcoe County - Orillia 76 Nottawasaga Street Office,False,False,False,False,False,False
31113473,N1M 1M6,43.5448048,-80.2481666,CMHA - Waterloo Wellington - Regional Eating Disorders at CMHA - Waterloo Wellington - Fergus Office,False,False,False,False,False,False
31113474,N1H 0A1 ,43.5448048,-80.2481666,CMHA - Waterloo Wellington - Regional Eating Disorders at CMHA - Waterloo Wellington - Guelph Waterloo Avenue Office,False,False,False,False,False,False
31113475,N2H 4A2,43.5448048,-80.2481666,CMHA - Waterloo Wellington - Regional Eating Disorders at CMHA - Waterloo Wellington - Kitchener Weber Street Office,False,False,False,False,False,False
31113476,N0G 2L2 ,43.5448048,-80.2481666,CMHA - Waterloo Wellington - Regional Eating Disorders at CMHA - Waterloo Wellington - Mount Forest Office,False,False,False,False,False,False
35053444,N6A 5L7,42.9814776,-81.2540113,Middlesex-London Health Unit - Birth Control Clinic at Middlesex-London Health Unit - London,False,False,False,True,False,False
35053450,N6A 5L7,42.9607933,-81.6224036,Middlesex-London Health Unit - Birth Control Clinic at Middlesex-London Health Unit - Strathroy ,False,False,False,True,False,False
33806317,N7M 1N9,42.4048018,-82.1910376,Chatham-Kent Community Health Centres - Anger Solutions for Kids at Chatham-Kent Community Health Centres - Chatham,False,False,False,False,False,False
33806318,N8A 2V4,42.4048018,-82.1910376,Chatham-Kent Community Health Centres - Anger Solutions for Kids at Chatham-Kent Community Health Centres - Wallaceburg,False,False,False,False,False,False
39813215,K0B 1L0,45.546382,-75.004391,Valoris for Children and Adults of Prescott-Russell - Child and Family Mental Health at Valoris for Children and Adults of Prescott-Russell - Plantagenet,False,False,False,False,False,False
41404901,K6H 3J7,45.0290255,-74.7315892,Centre de Sante Communautaire de l'Estrie - Santé Mentale at Centre de Sante Communautaire de l'Estrie - Cornwall,False,False,False,False,False,False
41404902,K0A 1R0,45.2197249,-75.153922,Centre de Sante Communautaire de l'Estrie - Santé Mentale at Centre de Sante Communautaire de l'Estrie - Crysler,False,False,False,False,False,False
41404903,K0A 1W1,45.2673178,-75.3044902,Centre de Sante Communautaire de l'Estrie - Santé Mentale at Centre de Sante Communautaire de l'Estrie - Embrun,False,False,False,False,False,False
42806589,L6J 7W5,43.478531,-79.6582784,CMHA - Halton Region - Walk-In Counselling at CMHA - Halton Region - Oakville Office,False,False,False,False,False,False
44864932,N0N 1J0,43.0963933,-82.00253,Rebound - SPECTRUM at Sarnia-Lambton Rebound - Forest,False,False,False,False,False,True
44864933,N0N 1R0,42.8811279,-82.147508,Rebound - SPECTRUM at Sarnia-Lambton Rebound - Petrolia,False,False,False,False,False,True
44864934,N7S 1H8,42.9692904,-82.3755363,Rebound - SPECTRUM at Sarnia-Lambton Rebound - Sarnia,False,False,False,False,False,True
45325259,M2N 6W3,43.7701186,-79.4166176,Shining Through Centre For Children With Autism - Autism Therapy at Shining Through Centre For Children With Autism - North York Campus,False,False,False,False,False,False
45325260, L4L 9E4,43.7664873,-79.6070943,Shining Through Centre For Children With Autism - Autism Therapy at Shining Through Centre For Children With Autism - Woodbridge Centre,False,False,False,False,False,False
46032314,L4N 6S7,44.3836561,-79.6958124,The Gilbert Centre - LGBTQ Youth Drop-In at The Gilbert Centre - Barrie (Head Office),False,False,False,False,False,False
41404900,K0A 1E0,45.4334428,-75.16552,Centre de Sante Communautaire de l'Estrie - Santé Mentale at Centre de Sante Communautaire de l'Estrie - Bourget,False,False,False,False,False,False
41404899,K0C 1A0,45.3102453,-74.635854,Centre de Sante Communautaire de l'Estrie - Santé Mentale at Centre de Sante Communautaire de l'Estrie - Alexandria,False,False,False,False,False,False
46438544,N2C 2H6,43.4250197,-80.4722467,KidsAbility Centre For Child Development - Intensive Behavioural Intervention (IBI) at KidsAbility Centre For Child Development - Kitchener Autism Services Site,False,False,False,False,False,False
45295656,P0H 1V0,46.3199842,-78.7053497,Hands - The Family Help Network - Autism Services at Hands - East Nipissing,False,True,True,True,True,True
45295657,P0A 1Z0,45.7674885,-79.3961527,Hands - The Family Help Network - Autism Services at Hands - East Parry Sound,False,True,True,True,True,True
45295658,P1L 1T1,45.045417,-79.3240409,Hands - The Family Help Network - Autism Services at Hands - Muskoka,False,True,True,True,True,True
45295659,P1B 1B1,46.3086482,-79.4622851,Hands - The Family Help Network - Autism Services at Hands - North Bay,False,True,True,True,True,True
45295660,P0H 1Z0,46.08138,-79.3585181,Hands - The Family Help Network - Autism Services at Hands - Powassan,False,True,True,True,True,True
45295661,P4N 2S7,48.4756327,-81.3368893,Hands - The Family Help Network - Autism Services at Hands - Timmins,False,True,True,True,True,True
45295662,P2B 3H4,46.3707219,-79.9425353,Hands - The Family Help Network - Autism Services at Hands - West Nipissing,False,True,True,True,True,True
45295663,P2A 1S2,45.3561254,-80.0389176,Hands - The Family Help Network - Autism Services at Hands - West Parry Sound,False,True,True,True,True,True
45980892,P8N 2B2,49.7810139,-92.8363621,Firefly - Autism Services at Firefly - Dryden,False,False,False,False,False,False
45980948,P2N 1H9 ,48.1570028,-80.0329402,One Kids Place - ABA/Autism Services at One Kids Place - Kirkland Lake,False,False,False,False,False,False
45980949,P0J 1P0,47.4793748,-79.7121299,One Kids Place - ABA/Autism Services at One Kids Place - New Liskeard,False,False,False,False,False,False
45980950,P1B 0B2 ,46.3324492,-79.4579767,One Kids Place - ABA/Autism Services at One Kids Place - North Bay,False,False,False,False,False,False
46032315,L3V 3A6,44.607993,-79.420718,The Gilbert Centre - LGBTQ Youth Drop-In at The Gilbert Centre - Orillia Meeting Site,False,False,False,False,False,False
46197937,N6C 5Y6,42.9622664,-81.2233116,Thames Valley Children's Centre - Applied Behaviour Analysis (ABA)-based Services at Thames Valley Children's Centre - London,False,False,False,False,False,False
46197938,N4K 6V4,44.5772679,-80.9357623,Thames Valley Children's Centre - Applied Behaviour Analysis (ABA)-based Services at Thames Valley Children's Centre - Owen Sound,False,False,False,False,False,False
46197939,N7S 1P6,42.9806376,-82.3494776,Thames Valley Children's Centre - Applied Behaviour Analysis (ABA)-based Services at Thames Valley Children's Centre - Sarnia,False,False,False,False,False,False
46197940,N5R 5H7,42.7663351,-81.1973124,Thames Valley Children's Centre - Applied Behaviour Analysis (ABA)-based Services at Thames Valley Children's Centre - St. Thomas,False,False,False,False,False,False
46197941,N5A 6Y2,43.3868313,-80.9689748,Thames Valley Children's Centre - Applied Behaviour Analysis (ABA)-based Services at Thames Valley Children's Centre - Stratford,False,False,False,False,False,False
46197942,N7G 2R6,42.9575267,-81.6248289,Thames Valley Children's Centre - Applied Behaviour Analysis (ABA)-based Services at Thames Valley Children's Centre - Strathroy,False,False,False,False,False,False
46197943,N8T 3R9,42.292788,-82.9309359,Thames Valley Children's Centre - Applied Behaviour Analysis (ABA)-based Services at Thames Valley Children's Centre - Windsor,False,False,False,False,False,False
46197979,N6C 5Y6,42.961236,-81.2257439,Thames Valley Children's Centre - Intensive Behaviour Intervention at Thames Valley Children's Centre - London,False,False,False,False,False,False
46197981,N4K 6V4,44.5772679,-80.9357623,Thames Valley Children's Centre - Intensive Behaviour Intervention at Thames Valley Children's Centre - Owen Sound,False,False,False,False,False,False
46197982,N7S 1P6,42.9795647,-82.3529875,Thames Valley Children's Centre - Intensive Behaviour Intervention at Thames Valley Children's Centre - Sarnia,False,False,False,False,False,False
46197983,N5R 5H7,42.7663351,-81.1973124,Thames Valley Children's Centre - Intensive Behaviour Intervention at Thames Valley Children's Centre - St. Thomas,False,False,False,False,False,False
46197985,N5A 6Y2,43.3868313,-80.9689748,Thames Valley Children's Centre - Intensive Behaviour Intervention at Thames Valley Children's Centre - Stratford,False,False,False,False,False,False
46197986,N7G 2R6,42.9575267,-81.6248289,Thames Valley Children's Centre - Intensive Behaviour Intervention at Thames Valley Children's Centre - Strathroy,False,False,False,False,False,False
46197987,N8T 3R9,42.292788,-82.9309359,Thames Valley Children's Centre - Intensive Behaviour Intervention at Thames Valley Children's Centre - Windsor,False,False,False,False,False,False
46437786,L2A 1P1 ,42.905335,-78.9624149,Niagara Public Health Department - Sexual Orientation Counelling at Niagara Public Health Department - Fort Erie,False,False,False,False,False,False
46437788,L2G 1C1,43.0951481,-79.0889785,Niagara Public Health Department - Sexual Orientation Counelling at Niagara Public Health Department - Niagara Falls,False,False,False,False,False,False
46437790,L2R 2P7,,,Niagara Public Health Department - Sexual Orientation Counelling at Niagara Public Health Department - St. Catherine's,False,False,False,False,False,False
46437791,L3B 4A2,42.9920853,-79.244505,Niagara Public Health Department - Sexual Orientation Counelling at Niagara Public Health Department - Welland,False,False,False,False,False,False
46438542,N3H 5K4,43.3999481,-80.3357586,KidsAbility Centre For Child Development - Intensive Behavioural Intervention (IBI) at KidsAbility Centre For Child Development - Cambridge Autism Services Site,False,False,False,False,False,False
46438543,N1H 7K6,43.5486907,-80.2983281,KidsAbility Centre For Child Development - Intensive Behavioural Intervention (IBI) at KidsAbility Centre For Child Development - Guelph Autism Services,False,False,False,False,False,False
46438615,N3H 5K4,43.3998745,-80.3353612,KidsAbility Centre For Child Development - Applied Behavioural Analysis (ABA) at KidsAbility Centre For Child Development - Cambridge Autism Services Site,False,False,False,False,False,False
46438617,N1H 7K6,43.5481309,-80.2985034,KidsAbility Centre For Child Development - Applied Behavioural Analysis (ABA) at KidsAbility Centre For Child Development - Guelph Autism Services,False,False,False,False,False,False
46438618,N2C 2H6,43.4250197,-80.4722467,KidsAbility Centre For Child Development - Applied Behavioural Analysis (ABA) at KidsAbility Centre For Child Development - Kitchener Autism Services Site,False,False,False,False,False,False
49972964,L6T 2T9,43.7033952,-79.7849067,Brampton Healthy Sexuality Clinic - Sexual Health Services at Brampton Healthy Sexuality Clinic - Hope 24/7,False,False,False,False,False,False
49972965,L6T 2T9,,,Brampton Healthy Sexuality Clinic - Sexual Health Services at Brampton Healthy Sexuality Clinic - John Howard Society Clinic Location,False,False,False,False,False,False
49972966,L6T 2T9,43.718319,-79.7195822,Brampton Healthy Sexuality Clinic - Sexual Health Services at Brampton Healthy Sexuality Clinic - Main Site,False,False,False,False,False,False
50726858,N6A 5L7,42.981407,-81.253628,Middlesex-London Health Unit - Sexually Transmitted Infections Clinic at Middlesex-London Health Unit - London,False,False,False,False,False,False
50726859,N6A 5L7,42.9607933,-81.6224036,Middlesex-London Health Unit - Sexually Transmitted Infections Clinic at Middlesex-London Health Unit - Strathroy ,False,False,False,False,False,False
50444429,N5P 1G9,42.7777822,-81.1508628,Southwestern Public Health - Sexual Health Nurse Drop-in Clinic at Southwestern Public Health - St.Thomas,False,False,False,False,False,False
50962864,P9N 1G4 ,48.7575182,-91.6253969,Northwestern Health Unit - Sexual Health  at Northwestern Health Unit - Atikokan,False,False,False,False,False,False
50962866,P9N 1G4 ,48.6293262,-93.8361594,Northwestern Health Unit - Sexual Health  at Northwestern Health Unit - Emo,False,False,False,False,False,False
50962868,P9N 1G4 ,49.8553384,-93.3851503,Northwestern Health Unit - Sexual Health  at Northwestern Health Unit - Machin,False,False,False,False,False,False
50962869,P9N 1G4 ,48.7217252,-94.5473115,Northwestern Health Unit - Sexual Health  at Northwestern Health Unit - Rainy River,False,False,False,False,False,False
50944677,P9N 1G4 ,49.7814087,-92.835142,Northwestern Health Unit - Sexual Health  at Northwestern Health Unit - Dryden,False,False,False,False,False,False
50944678,P9N 1G4 ,48.6103931,-93.3931592,Northwestern Health Unit - Sexual Health  at Northwestern Health Unit - Fort Frances,False,False,False,False,False,False
50944679,P9N 1G4 ,49.769487,-94.488285,Northwestern Health Unit - Sexual Health  at Northwestern Health Unit - Kenora ,False,False,False,False,False,False
50944680,P9N 1G4 ,51.0173635,-93.8297257,Northwestern Health Unit - Sexual Health  at Northwestern Health Unit - Red Lake,False,False,False,False,False,False
50944681,P9N 1G4 ,50.097963,-91.9157463,Northwestern Health Unit - Sexual Health  at Northwestern Health Unit - Sioux Lookout,False,False,False,False,False,False
51027079,M5V 2R4,43.6418243,-79.4294664,Parkdale - Queen West Community Health Centre - Counselling Services at Parkdale - Queen West Community Health Centre - Parkdale Site,False,False,False,False,False,False
51027081,M5V 2R4,43.6466143,-79.4042206,Parkdale - Queen West Community Health Centre - Counselling Services at Parkdale - Queen West Community Health Centre - Queen West Site,False,False,False,False,False,False
52891185,N3B 2R9,43.4772041,-80.7634976,Woolwich Counselling Centre - Counselling at Wellesley Counselling Centre  ,False,False,False,False,False,False
52807560,L7R 4B6,43.3487965,-79.7927521,Thrive Counselling - Counselling Services at Thrive Counselling - Burlington,True,False,True,True,True,True
52807561,L7R 4B6,43.6490771,-79.8809032,Thrive Counselling - Counselling Services at Thrive Counselling - Georgetown (North Halton),True,False,True,True,True,True
52807562,L7R 4B6,43.5176059,-79.877644,Thrive Counselling - Counselling Services at Thrive Counselling - Milton,True,False,True,True,True,True
52807563,L7R 4B6,43.4419313,-79.6941458,Thrive Counselling - Counselling Services at Thrive Counselling - Oakville,True,False,True,True,True,True
52859569,N3B 2R9,43.4772041,-80.7634976,Woolwich Counselling Centre - Child & Youth Therapy at Wellesley Counselling Centre  ,False,False,False,False,False,False
52859575,N3B 2R9,43.594973,-80.560071,Woolwich Counselling Centre - Child & Youth Therapy at Woolwich Counselling Centre,False,False,False,False,False,False
52891314,N3B 2R9,43.594973,-80.560071,Woolwich Counselling Centre - Counselling at Woolwich Counselling Centre,False,False,False,False,False,False
52919643,P7J 1L6,49.7803884,-86.5353766,Dilico Anishinabek Family Care - Mental Health Walk-In Counselling Clinic at Dilico Anishinabek Family Care - Longlac,False,False,False,False,False,False
52919653,P7J 1L6,48.3690294,-89.288761,Dilico Anishinabek Family Care - Mental Health Walk-In Counselling Clinic at Dilico Anishinabek Family Care - Heath Park Site,False,False,False,False,False,False
53504610,N3Y 1S8,43.0768667,-79.95585,Community Addiction and Mental Health Services Of Haldimand And Norfolk - Substance Abuse Counselling at Community Addiction and Mental Health Services of Haldimand and Norfolk - Haldimand Community Support Centre,False,False,False,False,False,False
53515563,P4N 2K1,48.475461,-81.328347,South Cochrane Addiction Services - A Program for Youth at South Cochrane Addiction Services - Head office ,False,False,False,False,False,True
53515588,P4N 2K1,48.7690947,-80.6850437,South Cochrane Addiction Services - A Program for Youth at South Cochrane Addiction Services - Iroquois Falls,False,False,False,False,False,True
54274397,L0R 1B5,43.1751978,-79.4774195,Employment Help Centre - Employment Services at Employment Help Centre - Beamsville,False,False,False,False,False,False
54274398,L0R 1B5,43.1940898,-79.5636805,Employment Help Centre - Employment Services at Employment Help Centre - Grimsby,False,False,False,False,False,False
54427162,K1N 9G4,48.6095853,-93.3918946,Metis Nation Of Ontario - Employment and Training - Métis Employability Program (MEP) at Metis Nation Of Ontario - Fort Frances,False,False,False,False,False,False
54274399,L0R 1B5,43.0956545,-79.5494234,Employment Help Centre - Employment Services at Employment Help Centre - Smithville,False,False,False,False,False,False
54427100,K1N 9G4,48.4688454,-81.3273592,Metis Nation Of Ontario - Employment and Training - Métis Employability Program (MEP) at Metis Nation Of Ontario - Timmins,False,False,False,False,False,False
54427159,K1N 9G4,45.0615201,-77.8608577,Metis Nation Of Ontario - Employment and Training - Métis Employability Program (MEP) at Metis Nation Of Ontario - Bancroft,False,False,False,False,False,False
54427161,K1N 9G4,49.78396,-92.83964,Metis Nation Of Ontario - Employment and Training - Métis Employability Program (MEP) at Metis Nation Of Ontario - Dryden,False,False,False,False,False,False
54427164,K1N 9G4,43.2421078,-79.8557575,Metis Nation Of Ontario - Employment and Training - Métis Employability Program (MEP) at Metis Nation Of Ontario - Hamilton ,False,False,False,False,False,False
54427168,K1N 9G4,44.73734,-79.87797,Metis Nation Of Ontario - Employment and Training - Métis Employability Program (MEP) at Metis Nation Of Ontario - Midland,False,False,False,False,False,False
54427169,K1N 9G4,46.3110457,-79.4618351,Metis Nation Of Ontario - Employment and Training - Métis Employability Program (MEP) at Metis Nation Of Ontario - North Bay,False,False,False,False,False,False
54427170,K1N 9G4,43.8954585,-78.8628723,Metis Nation Of Ontario - Employment and Training - Métis Employability Program (MEP) at Metis Nation Of Ontario - Oshawa,False,False,False,False,False,False
54427171,K1N 9G4,44.5664167,-80.9394789,Metis Nation Of Ontario - Employment and Training - Métis Employability Program (MEP) at Metis Nation Of Ontario - Owen Sound,False,False,False,False,False,False
54427173,K1N 9G4,46.517621,-84.3401451,Metis Nation Of Ontario - Employment and Training - Métis Employability Program (MEP) at Metis Nation Of Ontario - Sault Ste. Marie,False,False,False,False,False,False
54427174,K1N 9G4,46.4916,-81.0044999,Metis Nation Of Ontario - Employment and Training - Métis Employability Program (MEP) at Metis Nation Of Ontario - Sudbury,False,False,False,False,False,False
54427175,K1N 9G4,48.381389,-89.245211,Metis Nation Of Ontario - Employment and Training - Métis Employability Program (MEP) at Metis Nation Of Ontario - Thunder Bay,False,False,False,False,False,False
54427176,K1N 9G4,43.6527866,-79.3682472,Metis Nation Of Ontario - Employment and Training - Métis Employability Program (MEP) at Metis Nation Of Ontario - Toronto ,False,False,False,False,False,False
54427210,K1N 9G4,44.2477745,-76.4954829,Metis Nation Of Ontario - Employment and Training - Métis Employability Program (MEP) at Metis Nation Of Ontario - Kingston,False,False,False,False,False,False
54886737,M6B 1V9,43.7569024,-79.5146745,JVS Toronto - Employment Services at JVS Toronto - Employment Source Jane Finch,False,False,False,False,False,False
54886738,M6B 1V9,43.8388219,-79.3253433,JVS Toronto - Employment Services at JVS Toronto - Employment Source Markham,False,False,False,False,False,False
54886741,M6B 1V9,43.7644769,-79.48858,JVS Toronto - Employment Services at JVS Toronto - Employment Source Toronto North,False,False,False,False,False,False
54886740,M6B 1V9,43.6507846,-79.3670594,JVS Toronto - Employment Services at JVS Toronto - Employment Source Toronto Centre,False,False,False,False,False,False
54886739,M6B 1V9,43.7843684,-79.2021104,JVS Toronto - Employment Services at JVS Toronto - Employment Source Scarborough,False,False,False,False,False,False
54993635,M1S 5G5,43.7780545,-79.2757701,Centre for Immigrant and Community Services - Employment Services at Centre for Immigrant and Community Services - Head Office and Immigrant Resource Centre,False,False,False,False,False,False
56974987,K7L 1B9,44.2491834,-76.9475621,Addiction and Mental Health Services - Kingston Frontenac Lennox and Addington - Moblie Crisis Services at Addiction and Mental Health Services - Kingston Frontenac Lennox and Addington - Lennox and Addington - 70 Dundas Street East,False,False,False,False,False,False
56974986,K7L 1B9,44.2333015,-76.4917941,Addiction and Mental Health Services - Kingston Frontenac Lennox and Addington - Moblie Crisis Services at Addiction and Mental Health Services - Kingston Frontenac Lennox and Addington - Kingston and Frontenac - 385 Princess Street,False,False,False,False,False,False
58630318,L6J 7W5,43.4787145,-79.658017,CMHA - Halton Region - Community Concurrent Disorders Program at CMHA - Halton Region - Georgetown Office,False,False,False,False,False,False
58630920,L6J 7W5,43.4787145,-79.658017,CMHA - Halton Region - Dual Diagnosis Program at CMHA - Halton Region - Georgetown Office,False,False,False,False,False,False
58630921,L6J 7W5,43.4787025,-79.6587278,CMHA - Halton Region - Dual Diagnosis Program at CMHA - Halton Region - Oakville Office,False,False,False,False,False,False
58833160,L5B 1M7,43.7017142,-79.7242129,"Family Services of Peel - Individual, Couples and Families Counselling at Family Services of Peel - Brampton ",False,False,False,False,False,False
58833161,L5B 1M7,43.711184,-79.6279277,"Family Services of Peel - Individual, Couples and Families Counselling at Family Services of Peel - Malton",False,False,False,False,False,False
58944914,L5B 1M7,43.5907744,-79.6400348,Family Services of Peel - LGBTTQQIAAP Counselling at Family Services of Peel - Mississauga ,False,False,False,False,False,False
58944915,L5B 1M7,43.7017142,-79.7242129,Family Services of Peel - LGBTTQQIAAP Counselling at Family Services of Peel - Brampton ,False,False,False,False,False,False
58944916,L5B 1M7,43.5907173,-79.6398155,Family Services of Peel - LGBTTQQIAAP Counselling at Family Services of Peel - Malton,False,False,False,False,False,False
58959370,N1H 3P7,43.543534,-80.244336,Family Counselling and Support Services for Guelph-Wellington - Counselling at Family Counselling and Support Services for Guelph-Wellington - Guelph (Main Location),False,False,False,False,False,False
58959375,N1H 3P7,43.7016841,-80.3738683,Family Counselling and Support Services for Guelph-Wellington - Counselling at Family Counselling and Support Services for Guelph-Wellington - Fergus Satellite Location,False,False,False,False,False,False
58959378,N1H 3P7,43.981093,-80.7358653,Family Counselling and Support Services for Guelph-Wellington - Counselling at Family Counselling and Support Services for Guelph-Wellington - Mount Forest Satellite Location,False,False,False,False,False,False
58630175,P6B 1Y3,46.5215222,-84.3178363,Algoma Family Services  - Intensive Treatment Services at Algoma Family Services - Head Office,False,False,False,False,False,False
58630176,P6B 1Y3,46.5215222,-84.3178363,Algoma Family Services  - Intensive Treatment Services at Algoma Family Services - East Algoma Office,False,False,False,False,False,False
58630263,P6B 1Y3,46.5215222,-84.3178363,Algoma Family Services - Brief Services at Algoma Family Services - Head Office,False,False,False,False,False,False
58630264,P6B 1Y3,47.9600402,-84.924763,Algoma Family Services - Brief Services at Algoma Family Services - North Algoma Office,False,False,False,False,False,False
58632272,K8A 1G8,45.8145716,-77.1069705,Pembroke Regional Hospital - Mental Health Services of Renfrew County at Pembroke Regional Hospital ,False,False,False,False,False,False
58632273,K8A 1G8,45.4315712,-76.3621879,Pembroke Regional Hospital - Mental Health Services of Renfrew County at Pembroke Regional Hospital - Mental Health Services of Renfrew County - Arnprior,False,False,False,False,False,False
58632274,K8A 1G8,45.554971,-77.416351,Pembroke Regional Hospital - Mental Health Services of Renfrew County at Pembroke Regional Hospital - Mental Health Services of Renfrew County - Barry's Bay,False,False,False,False,False,False
58632275,K8A 1G8,45.8145716,-77.1069705,Pembroke Regional Hospital - Mental Health Services of Renfrew County at Pembroke Regional Hospital - Mental Health Services of Renfrew County - Pembroke (Cecelia St),False,False,False,False,False,False
58632276,K8A 1G8,45.4724714,-76.6835569,Pembroke Regional Hospital - Mental Health Services of Renfrew County at Pembroke Regional Hospital - Mental Health Services of Renfrew County - Renfrew,False,False,False,False,False,False
58833131,L5B 1M7,43.592275,-79.639123,"Family Services of Peel - Individual, Couples and Families Counselling at Family Services of Peel - Mississauga ",False,False,False,False,False,False
58989896,N2G 2P1,43.4378039,-80.4600604,Front Door - Walk-In Counselling at Front Door - Cambridge - Lutherwood,False,False,False,False,False,False
31224674,M3M 2X4,43.7424211,-79.4961689,SickKids Centre for Community Mental Health - Brief Family Treatment at SickKids Centre for Community Mental Health - Sheppard,False,False,False,False,False,False
31224993,M4Y 2H4,43.6656243,-79.3781869,SickKids Centre for Community Mental Health - Psychological Assessment at SickKids Centre for Community Mental Health - Jarvis,False,False,False,False,False,False
31224994,M3M 2X4,43.7424211,-79.4961689,SickKids Centre for Community Mental Health - Psychological Assessment at SickKids Centre for Community Mental Health - Sheppard,False,False,False,False,False,False
31150364,N5C 1G3,43.0381628,-80.884049,CMHA - Oxford County - Walk-In Counselling at CMHA - Oxford County - Ingersoll Office,False,False,False,False,False,False
31150368,N4G 2A2,43.0381628,-80.884049,CMHA - Oxford County - Walk-In Counselling at CMHA - Oxford County - Tillsonberg Office,False,False,False,False,False,False
31154377,L9R 1T3,44.00648,-79.450396,CMHA - York Region - Youth Wellness at CMHA - York Region - Alliston,False,False,False,False,False,False
31154378,L4G 1M2,43.9973266,-79.4671906,CMHA - York Region - Youth Wellness at CMHA - York Region - Aurora,False,False,False,False,False,False
31154379,L3R 0M3,44.00648,-79.450396,CMHA - York Region - Youth Wellness at CMHA - York Region - Markham,False,False,False,False,False,False
31154380,L3Y 9C3,44.00648,-79.450396,CMHA - York Region - Youth Wellness at CMHA - York Region - Newmarket ,False,False,False,False,False,False
31154381,L4L 3R7,44.00648,-79.450396,CMHA - York Region - Youth Wellness at CMHA - York Region - Vaughan,False,False,False,False,False,False
31147295,N5C 1G3,43.1314966,-80.7471651,CMHA - Oxford County - Mental Health Services at CMHA - Oxford County - Ingersoll Office,False,False,False,False,False,False
31147299,N4S 1K3,43.1314966,-80.7471651,CMHA - Oxford County - Mental Health Services at CMHA - Oxford County - Woodstock Office,False,False,False,False,False,False
31224673,M4Y 2H4,43.6656243,-79.3781869,SickKids Centre for Community Mental Health - Brief Family Treatment at SickKids Centre for Community Mental Health - Jarvis,False,False,False,False,False,False
31225186,M4Y 2H4,43.6656243,-79.3781869,SickKids Centre for Community Mental Health - Psychiatric Assessment at SickKids Centre for Community Mental Health - Jarvis,False,False,False,False,False,False
31225187,M3M 2X4,43.7424211,-79.4961689,SickKids Centre for Community Mental Health - Psychiatric Assessment at SickKids Centre for Community Mental Health - Sheppard,False,False,False,False,False,False
31224699,M4Y 2H4,43.6656243,-79.3781869,SickKids Centre for Community Mental Health - Infancy to Preschool Outpatient Service at SickKids Centre for Community Mental Health - Jarvis,False,False,False,False,False,False
31224700,M3M 2X4,43.7424211,-79.4961689,SickKids Centre for Community Mental Health - Infancy to Preschool Outpatient Service at SickKids Centre for Community Mental Health - Sheppard,False,False,False,False,False,False
29400325,N0M 1A0,43.130351,-81.5474337,Craigwood Youth Services - Residential Treatment Facilities at Craigwood Youth Services - Alisa Craig Residential Division - Riverview,False,False,False,False,False,False
29400323,N0M 1A0,43.130351,-81.5474337,Craigwood Youth Services - Residential Treatment Facilities at Craigwood Youth Services - Alisa Craig Residential Division - Bridgeway,False,False,False,False,False,False
29400326,N0M 1A0,43.130351,-81.5474337,Craigwood Youth Services - Residential Treatment Facilities at Craigwood Youth Services - Alisa Craig Residential Division - Serenity ,False,False,False,False,False,False
25034072,M4Y 2H4,43.6656243,-79.3781869,SickKids Centre for Community Mental Health - Adolescent Outpatient Services at SickKids Centre for Community Mental Health - Jarvis,False,True,True,True,True,True
25034073, M3M 2X4,43.7424211,-79.4961689,SickKids Centre for Community Mental Health - Adolescent Outpatient Services at SickKids Centre for Community Mental Health - Sheppard,False,True,True,True,True,True
25034044,M4Y 2H4,43.6656243,-79.3781869,SickKids Centre for Community Mental Health - Day Treatment Services at SickKids Centre for Community Mental Health - Jarvis,False,False,False,False,False,False
25034045,M3M 2X4,43.7424211,-79.4961689,SickKids Centre for Community Mental Health - Day Treatment Services at SickKids Centre for Community Mental Health - Sheppard,False,False,False,False,False,False
24837710,N5Z 1S4,42.980433,-81.216377,Craigwood Youth Services - Residential Treatment Facilities at Craigwood Youth Services - St. George Street Community Treatment Home,False,False,False,False,False,False
21457024,L1C 1P3,43.911004,-78.678847,Pinewood Centre - Dawn at Pinewood Centre - Bowmanville,False,False,False,False,False,False
22784865,K0L 1C0,45.074715,-77.8616418,Youth Habilitation Quinte - Managing Your Anger at Youth Habilitation Quinte - Bancroft,False,False,False,False,False,False
19990321,K9J 7M3,44.279145,-78.356338,Rainbows - Spectrum at Rainbows - Peterborough - Lansdowne Street,False,False,False,False,False,False
19653100,K8A 5M8,45.825278,-77.1158873,Phoenix Centre For Children And Families - Anger Mangement Youth Group at Phoenix Centre for Children and Families - Pembroke,False,False,False,False,False,False
19630176,K9H 2W1,44.3096597,-78.3186574,John Howard Society of Peterborough - Anger Management Program at John Howard Society of Peterborough - Peterborough Collegiate Office,False,False,False,False,False,False
18120423,N3T 3C5,43.139656,-80.26736,Aboriginal Health Centre (de Dwa Da Dehs Nye) - Mental Health Services at Aboriginal Health Centre (de Dwa Da Dehs Nye) - Brantford ,True,True,False,False,False,True
18120424,L8M 1K2,43.248733,-79.843698,Aboriginal Health Centre (de Dwa Da Dehs Nye) - Mental Health Services at Aboriginal Health Centre (de Dwa Da Dehs Nye) - Hamilton ,True,True,False,False,False,True
18120669,N9C 4H4,42.2828357,-83.0636495, Windsor Regional Children's Centre - Out-Patient Clinic Services,False,False,False,False,False,False
46652210,M5A 1E3,43.6498401,-79.3692382,2 Spirited People Of The First Nations - Community Centre,False,False,False,False,False,False
12387250,M5A 1E3,43.6498401,-79.3692382,2 Spirited People Of The First Nations - LGBTQ Support Centre,False,False,False,False,False,False
23968683,L6V 3W6,43.6591282,-79.7256152,24.7 Crisis Support Peel Dufferin - Mobile Team ,False,False,False,False,False,False
26335286,M5A 2A8,43.6593425,-79.36708,416 Community Support for Women - Mental Health and Addictions Counselling,False,False,False,False,False,False
12387319,M4Y 2C9,43.6665315,-79.3809699,519 Church Street Community Centre - Trans Youth Mentorship Program,False,False,False,False,False,False
28314275,N7T 8E5,42.9144558,-82.4150054,Aamjiwnaang First Nation - Mental Wellness Program,False,False,False,False,False,False
12387380,M6H 3L9,43.6771869,-79.4426153,Abrigo Centre - Individual and Family Counselling,False,False,False,False,False,False
61410853,N9Y 1W1,42.03627,-82.7436,Access,False,False,False,False,False,False
25226359,K7R 1J1,44.2486986,-76.9479195,Addiction and Mental Health Services - Kingston Frontenac Lennox and Addington - Longer Term Counselling Services ,False,False,False,False,False,False
26115305,N6A 1J3,42.9856499,-81.2485034,Addiction Services of Thames Valley - Substance Abuse Program,False,False,False,False,False,False
17991784,M2H 2C1,43.799362,-79.358521,Adventure Place - Community Mental Health Services,False,False,False,False,False,False
26245769,M2H 2C1,43.7993828,-79.3577379,Adventure Place - Day Treatment Services,False,False,False,False,False,False
45295985,M2H 2C1,43.7988316,-79.3581721,Adventure Place - Toronto Autism ABA Services,False,False,False,False,False,False
12403647,N9A 4L2,42.4040237,-82.1788834,AIDS Committee of Windsor - Young and Proud,False,False,False,False,False,False
16736942,M1B 5N1,43.789846,-79.2336218,Aisling Discoveries Child And Family Centre - Aisling House Residential Treatment,False,False,False,False,False,False
16736917,M1B 5N1,43.7764258,-79.2317521,Aisling Discoveries Child and Family Centre - Family Counselling,False,False,False,False,False,False
17690403,M1B 5N1,43.790201,-79.234181,Aisling Discoveries Child and Family Centre - Individual Counselling,False,False,False,False,False,False
16736934,M1B 5N1,43.7896087,-79.2336008,Aisling Discoveries Child and Family Centre - Infant Child Treatment,False,False,False,False,False,False
16736937,M1B 5N1,43.7896087,-79.2336008,Aisling Discoveries Child And Family Centre - Intensive Child and Family Service,False,False,False,False,False,False
12387543,M1B 5N1,43.76626997,-79.25102455,Aisling Discoveries Child And Family Centre - Toronto Autism ABA Services,False,False,False,False,False,False
25271210,N5C 3V6,43.0309193,-80.876204,Alexandra Hospital - Mental Health Services,False,False,False,False,False,False
23241192,N7A 1W5,43.7502864,-81.7047763,Alexandra Marine and General Hospital - Huron Child and Adolescent Outreach Eating Disorders Program,False,False,False,False,False,False
26368512,N7A 1W5,43.7502864,-81.7047763,Alexandra Marine and General Hospital - Inpatient Treatment ,False,False,False,False,False,False
21456900,P6B 1Y3,46.5215318,-84.317827,Algoma Family Services - Genesis Day Treatment Program,False,False,False,False,False,False
18221883,P6B 1Y3,46.5215222,-84.3178363,Algoma Family Services - Therapeutic Group Programs,False,False,False,False,False,False
18122160,K0J 1X0,45.5756566,-77.2515288,Algonquins of Pikwakanagan First Nation - Child and Youth Mental Health Services,False,False,False,False,False,False
28524790,K0A 1A0,45.2287765,-76.1899788,Almonte General Hospital - Crisis Services,False,False,False,False,False,False
18759307,P7B 1M7,48.4321724,-89.2231141,Alpha Court - Youth in Transition,False,False,False,False,False,False
12387703,L8P 4W6,43.2556946,-79.8696854,Alternatives For Youth - Substance Use Treatment,False,False,False,False,False,False
12387755,P7B 1C4,48.4353726,-89.2245859,Anishinabek Employment and Training Services - Employment and Training Services,False,False,False,False,False,False
21862240,M4P 2H4,43.7097207,-79.3991968,Anne Johnston Health Station - Mental Health Counselling,False,False,False,False,False,False
12387771,M4P 2H4,43.7097207,-79.3991968,Anne Johnston Health Station - Sexual Health Services - Youth Health Clinic,False,False,False,False,False,False
21862243,M4P 2H4,43.7097207,-79.3991968,Anne Johnston Health Station - Substance Abuse Counselling,False,False,False,False,False,False
25771242,K7S 2P6,45.4412523,-76.3521249,Arnprior And District Memorial Hospital - Outpatient Clinic ,False,False,False,False,False,False
12408748,M6K 3B6,43.67074153,-79.39251552,Arrabon House - Lanthier Place Transitional House,True,False,False,True,False,True
12389340,L4Z 3K7,43.6258931,-79.6701744,Associated Youth Services of Peel - Brief Therapy Counselling Program,False,False,False,False,False,False
18120749,L4Z 3K7,43.6258931,-79.6701744,Associated Youth Services of Peel - Transitional Aged Youth Outreach,False,False,False,False,False,False
46259043,L4Z 3K7,43.6255505,-79.670215,Associated Youth Services Of Peel - Youth Beyond Barriers (YBB),False,False,False,False,False,False
12389374,L3Y 1J6,44.0473706,-79.469284,Association of Differently Abled People Together - Counselling Services ,False,False,False,False,False,False
12389440,P0T 1C0,48.7572296,-91.6246466,Atikokan General Hospital - Addictions Program,False,False,False,False,False,False
12389424,P0T 1C0,48.757169,-91.625521,Atikokan General Hospital - Mental Health Program,False,False,False,False,False,False
19216680,L8M 1K3,43.2482787,-79.8420871,Banyan Community Services - SNAP Program,False,False,False,False,False,False
12389525,L4M 3B4,44.3949333,-79.6948672,Barrie Native Friendship Centre - Aboriginal Healing and Wellness ,False,False,False,False,False,False
26876475,P2N 3L1,48.151893,-80.029016,Beaver House First Nation - Crisis Intervention,False,False,False,False,False,False
20337795,P2N 3L1,48.1510123,-80.0330343,Beaver House First Nation - Telephone Crisis Intervention ,False,False,False,False,False,False
12389572,L8N 1V1,,,Behaviour Institute - Children's Services,False,False,False,False,False,False
28524641,K8N 5A9,44.1627054,-77.3643232,Belleville General Hospital - Crisis Intervention Centre,False,False,False,False,False,False
24978276,K8N 5A9,44.1627054,-77.3643232,Belleville General Hospital - Mental Health Inpatient Program ,False,False,False,False,False,False
18123390,K8N 5A9,44.1627054,-77.3643232,"Belleville General Hospital - Parent, Child and Youth Program",False,False,False,False,False,False
26348519,K8N 5A9,44.1627054,-77.3643232,Belleville General Hospital - The Heads Up! Program ,False,False,False,False,False,False
25420601,K8N 5A9,44.1627054,-77.3643232,Belleville General Hospital - Transitional Outpatient Centre ,False,False,False,False,False,False
12389583,M1W 2J6,43.8057618,-79.33598,Bellwood Health Services - Weekend Family Program,True,False,False,True,True,False
46438017,L2V 4Y6,43.1112852,-79.2410749,Bethesda - Applied Behaviour Analysis (ABA) Services and Supports,False,False,False,False,False,False
46437992,L2V 4Y6,43.1112852,-79.2410749,Bethesda - Hamilton-Niagara Regional Autism Intervention Program,False,False,False,False,False,False
18770613,M4J 3E2,43.6727901,-79.3383086,Blake Boultbee Youth Outreach Services - Counselling,False,False,False,False,False,False
18123380,L4G 1L9,43.9648477,-79.4497839,Blue Hills Child and Family Centre - Children's Mental Health Services,False,False,False,False,False,False
21773090,L6T 3J1,43.7276,-79.712334,Bramalea Community Health Centre - Youth Substance Abuse Counselling,False,False,False,False,False,False
25322651,L6R 3J7,43.7474656,-79.7432225,Brampton Civic Hospital - Child and Adolescent Inpatient Unit,False,False,False,False,False,False
18120336,L6W 3E2,43.6929443,-79.7448182,Brampton Civic Hospital - Child and Adolescent Psychiatric Clinic,False,False,False,False,False,False
25322628,L6R 3J7,43.7474656,-79.7432225,Brampton Civic Hospital - Child Psychiatry Consultation,False,False,False,False,False,False
25322642,L6R 3J7,43.7474656,-79.7432225,Brampton Civic Hospital - Day Hospital,False,False,False,False,False,False
25322629,L6R 3J7,43.7474656,-79.7432225,Brampton Civic Hospital - Outpatient Services,False,False,False,False,False,False
59528107,M2R 1N5,43.7724535,-79.4481361,Branson Ambulatory Care Centre - Child and Adolescent Eating Disorders Day Hospital,False,False,False,False,False,False
12407263,M2R 1N5,43.7724535,-79.4481361,Branson Ambulatory Care Centre - Child and Adolescent Eating Disorders Program,False,False,False,False,False,False
18119999,M2R 1N5,43.7724535,-79.4481361,Branson Ambulatory Care Centre - Child and Adolescent Mental Health Outpatient Program,False,False,False,False,False,False
12389883,N3R 1G7,43.1521913,-80.2746513,Brant County Health Unit - Sexual Health Clinic,False,False,False,False,False,False
25144788,N3R 1G9,43.1525048,-80.276363,Brantford General Hospital - Acute Day Treatment,False,False,False,False,False,False
25144871,N3R 1G9,43.1525048,-80.276363,Brantford General Hospital - Begin Healing Now - Early Psychosis Intervention ,True,False,False,False,False,True
12389887,N3R 1G9,43.1525048,-80.276363,Brantford General Hospital - Crisis Counselling,False,False,False,False,False,False
12389885,N3R 1G9,43.1525048,-80.276363,Brantford General Hospital - Emergency Mental Health,False,False,False,False,False,False
25144814,N3R 1G9,43.1525048,-80.276363,Brantford General Hospital - Mental Health Counselling Program,True,False,False,False,False,True
25144827,N3R 1G9,43.1525048,-80.276363,Brantford General Hospital - Mental Health Inpatient Program,True,False,False,False,False,True
28348146,N3R 1G9,43.1519422,-80.2763844,Brantford General Hospital - Urgent Mental Health Crisis Response,True,False,True,True,True,True
61030877,N3S 3M9,43.13906,-80.25769,Brantford Native Housing,False,False,False,False,False,False
18758462,M9B 6E1,43.6578297,-79.4744334,Breakaway Addiction Services - Clear Directions,False,False,False,False,False,False
18758305,M6K 3E6,43.643288,-79.431276,Breakaway Addiction Services - Family and Youth Initiative,False,False,False,False,False,False
42387098,M6K 3E6,43.6432575,-79.4309172,Breakaway Addiction Services - Pieces to Pathways,False,False,False,False,False,False
18758461,M6K 3E6,43.643296,-79.43104,Breakaway Addiction Services - Toronto Opiate Support,True,False,False,True,True,True
26115123, N8X 1S9,42.2892627,-83.0244166,Brentwood Recovery Home - Young Adult / Adolescent Day Program,False,False,False,True,True,True
12405399,N8X 1S9,42.2892627,-83.0244166,Brentwood Recovery Home - Young Adult / Adolescent Residential Program,False,False,False,True,True,True
25630864,K6V 1S8,44.5979475,-75.6820082,Brockville General Hospital - Acute Inpatient Team,False,False,False,False,False,False
12389946,K6V 1S8,44.5979475,-75.6820082,Brockville General Hospital - Crisis Team,False,False,False,False,False,False
20321329,P0M 1K0,47.8432,-83.402213,Brunswick House First Nation - Crisis Team,False,False,False,False,False,False
18122625,N1R 3G2,43.3780577,-80.3280826,Cambridge Memorial Hospital - Mental Health Services - Child and Family Services,False,False,False,False,False,False
12390069,N1R 3G2,43.3780577,-80.3280826,Cambridge Memorial Hospital - Mental Health Services - Crisis Intervention,False,False,False,False,False,False
25691057,K0L 1L0,44.3124044,-77.7898476,Campbellford Memorial Hospital - Community Mental Health Centre ,False,False,False,False,False,False
25691062,K0L 1L0,44.3124044,-77.7898476,Campbellford Memorial Hospital - Early Psychosis Intervention - Lynx ,False,False,False,False,False,False
26368618,K9V 2L9,44.354025,-78.734037,Canadian Mental Health Association - Haliburton Kawartha Pine Ridge - Case Management,False,False,False,False,False,False
26368639,K9V 2L9,44.354025,-78.734037,Canadian Mental Health Association - Haliburton Kawartha Pine Ridge - Intake and Brief Services,False,False,False,False,False,False
18759310,K9H 3R7,44.3079837,-78.3200867,Canadian Mental Health Association - Haliburton Kawartha Pine Ridge - LYNX Program,False,False,False,False,False,False
18122397,N8X 4W4,42.2785312,-83.0082478,Can-Am Indian Friendship Centre - Aboriginal Child and Youth Mental Health and Addictions Program,False,False,False,False,False,False
23016221,N8X 4W4,42.2781765,-83.008356,Can-Am Indian Friendship Centre - Apatisiwin - Employment Services ,False,False,False,False,False,False
12395303,M9M 2Z5,43.7495912,-79.5326724,Caribbean African Canadian Social Services (CAFCAN) - K-Club,False,False,False,False,False,False
21853877,L4L 3R7  ,43.7697603,-79.5595233,Caritas - School of Life - Substance Abuse Day Program,False,False,False,False,False,False
12397199,N2G 1W7,43.4456741,-80.4939024,Carizon Family and Community Services  - Counselling for Children and Teens ,False,False,False,False,False,False
28524815,K7C 1J4 ,45.1410534,-76.1356575,Carleton Place and District Memorial Hospital - Crisis Services,False,False,False,False,False,False
17690107,K1Z 5Z8,45.383449,-75.732715,Carlington Community Health Centre - Counselling Services,False,False,False,True,False,False
26590826,P0V 1J0,51.720005,-91.8202859,Cat Lake First Nation - O-Shkee Meekena Youth Healing Centre ,False,False,False,False,False,False
18120706,L4M 2Y1,44.4095533,-79.6891511,Catulpa Community Support Services - Intensive Service Coordination Services,False,False,False,False,False,False
46223707,N5P 1B7,42.7793066,-81.1981304,Central Community Health Centre - TRUEYOUth ,False,False,False,False,False,False
46652268,M4Y 1G7,43.6653631,-79.3811682,Central Toronto Youth Services - Boyoboy Support Group,False,False,False,False,False,False
15471998,M4Y 1G7,43.67151142,-79.39245122,Central Toronto Youth Services - Community Counselling,False,True,False,True,True,True
46652372,M4Y 1G7,43.6653631,-79.3811682,Central Toronto Youth Services - Community Outreach Counselling,False,True,False,False,False,True
15471999,M4Y 1G7,43.67151142,-79.39245122,Central Toronto Youth Services - New Outlook,False,True,False,True,True,True
12399341,M4Y 1G7,43.6656294,-79.3810329,Central Toronto Youth Services - Pride And Prejudice Program,False,False,False,False,False,False
32989048,M6J 1H4,43.6435848,-79.4185408,Centre for Addiction and Mental Health - Access CAMH Centralized Intake,False,False,False,False,False,False
46512684,L4N 9P6,44.3263234,-79.6886554,Centre for Behaviour Health Sciences - Central East Autism Program,False,False,False,False,False,False
17176090,M5G 1K2,43.6613296,-79.3840986,Centre francophone de Toronto - Espace jeunesse,False,False,False,False,False,False
17176086,M5G 1K2,43.6613296,-79.3840986,Centre francophone de Toronto - Santé mentale infantile,False,False,False,False,False,False
17991967,K1L 8H2,45.434699,-75.665249,Centre Psychosocial - Clinique externe - Santé Mentale,False,False,False,False,False,False
12390448,K1R 1C7,45.4082824,-75.71878,Centre Roberts/Smart Centre - Residential Treatment Programs,False,False,True,True,True,True
18745635,K2P 2N6,45.4154623,-75.6977578,Centretown Community Health Centre - GLBTTQ Youth Counselling,False,False,False,False,False,False
46651361,K2P 2N6,45.4154623,-75.6977578,Centretown Community Health Centre - Trans Health Youth Approach,False,False,False,False,False,False
26611331,P0M 1K0,47.842661,-83.4005473,Chapleau Health Services/services De Sante De Chapleau - Turning Point - Adult Mental Health Services,False,False,False,False,False,False
28744337,N0N 1R0,42.87832,-82.146982,Charlotte Eleanor Englehart Hospital - Crisis Intervention,False,False,False,False,False,False
29046743,L8N 4A6,43.2483458,-79.8712441,Charlton Campus Hospital - Crisis Outreach and Support Team for Youth (COAST),True,True,True,True,True,True
28744232,L8N 4A6,43.2483458,-79.8712441,Charlton Campus Hospital - Emergency Psychiatry Services,False,False,False,False,False,False
46240127,N7L 1C5,42.4004313,-82.2067952,Chatham-Kent Children's Services - Autism Services,False,False,False,False,False,False
13351760,N7L 1C5,42.4004104,-82.2068646,Chatham-Kent Children's Services - Mental Health Services,False,False,False,False,False,False
33831549,N7M 1N9,42.3980181,-82.188075,Chatham-Kent Community Health Centres - Rebound Choices ,False,False,False,False,False,False
46032347,L4R 0B7,44.7337797,-79.8690443,Chigamik Community Health Care Centre - LGBTQ Drop-In Centre,False,False,False,False,False,False
20337824,P3C 4Z3,46.4946455,-80.9985449,Child And Family Centre - Mobile Crisis Intervention,False,False,False,False,False,False
46258722,N6H 3W7,42.9673109,-81.3337064,Child and Parent Resource Centre (CPRI) - Autism Spectrum Disorder Clinic,False,False,False,False,False,False
25959855,N6H 3W7,42.9673109,-81.3337064,Child and Parent Resource Centre (CPRI) - Dual Diagnosis Program,False,False,False,False,False,False
18759180,N6H 3W7,42.9673109,-81.3337064,Child and Parent Resource Centre (CPRI) - General Clinical Services,False,False,False,False,False,False
25960146,N6H 3W7,42.9673109,-81.3337064,Child and Parent Resource Centre (CPRI) - Intensive Residential Services,False,False,False,False,False,False
35553536,M5P 1B9,43.6995375,-79.397579,Child Development Institute - The Integra Program,False,True,True,True,True,True
12390931,N8T 3R9,42.293531,-82.941157,Children First - Infant Development,False,False,False,False,False,False
12390930,N8T 3R9,42.293531,-82.941157,Children First - Mental Health Services,False,True,True,True,True,False
46842290,P7B 6G6,48.4232521,-89.2322723,Children's Centre Thunder Bay - Autism Intervention Program (IBI),False,False,False,False,False,False
46843919,P7B 6G6 ,48.4232521,-89.2322723,Children's Centre Thunder Bay - Autism Youth Transition Program,False,False,False,False,False,False
18603729,P7B 6G6,48.4237453,-89.2314693,Children's Centre Thunder Bay - Brief Treatment Services,False,False,False,False,False,False
18120137,P7B 6G6,48.4237453,-89.2314693,Children's Centre Thunder Bay - Residential Treatment & Assessment Program ,False,False,False,False,False,False
46477692,L4B 3Y3,43.8786837,-79.3905494,Children's Development Group - ABA Therapy Program,False,False,False,False,False,False
46477676,L4B 3Y3,43.8786837,-79.3905494,Children's Development Group - IBI Therapy Program,False,False,False,False,False,False
46651667,K1G 4K1,45.3862563,-75.6176214,Children's Hospital of Eastern Ontario - Autism Intervention Program of Eastern Ontario (AIP),False,False,False,False,False,False
18120436,K1H 8L1,45.3990051,-75.6530862,Children's Hospital of Eastern Ontario - Community Mental Health Team,False,False,False,False,False,False
23241772,K1H 8L1 ,45.3990051,-75.6530862,Children's Hospital of Eastern Ontario - Eating Disorders Program,False,False,False,False,False,False
46240221,N7L 5B2,42.4030238,-82.2103769,Children's Treatment Centre of Chatham-Kent - ABA Based Services,False,False,False,False,False,False
12391205,K9V 2Z1,44.3531363,-78.7437336,Chimo Youth And Family Services,False,False,False,False,False,False
12391206,K9V 2Z1,44.353526,-78.742679,Chimo Youth and Family Services - Clinical Services,False,False,False,False,False,False
25961763,K9V 2Z1,44.353526,-78.742679,Chimo Youth and Family Services - Residential Treatment ,False,False,False,False,False,False
12391210,M1V 5E7,43.8080416,-79.2894761,Chinese Family Services Of Ontario - Family Counselling,False,False,False,False,False,False
12391215,M1V 5E7,43.808016,-79.2894998,Chinese Family Services Of Ontario - Youth and Alcohol Program,False,False,False,False,False,False
18122173,N0H 2T0,44.9204391,-81.0243896,Chippewas of Nawash Unceded First Nation - Youth Mental Health Worker,False,False,False,False,False,False
26611139,N0L 1Y0,42.8188528,-81.4734614,Chippewas of the Thames First Nation - Counselling Services,False,False,False,False,False,False
26114759,N0P 1L0,42.4748494,-82.3781195,Choices Child and Adolescent Services - Day Treatment Program,False,False,False,False,False,False
26114767,N0P 1L0,42.4748494,-82.3781195,Choices Child and Adolescent Services - Residential Treatment Program,False,False,False,False,False,False
13088389,L9W 1V5,43.91374,-80.09083,Choices Youth Shelter,False,False,False,False,False,False
13088388,L9W 1V5,43.91374,-80.09083,Choices Youth Shelter,False,False,False,False,False,False
12404744,L8N 1M2,43.253043,-79.867853,"City of Hamilton - Public Health Services - Alcohol, Drug and Gambling Services",False,False,False,False,False,False
18759121,L8N 3W4,43.2541875,-79.8653562,City of Hamilton - Public Health Services - Family Health Division - Child and Adolescent Services ,False,True,True,True,True,True
18759258,N3T 3C7,43.1402636,-80.2676752,CMHA - Brant Haldimand Norfolk - Counselling Program,False,False,False,False,False,False
20306768,P0J 1P0,48.4758208,-81.3304953,CMHA - Cochrane Timiskaming - Crisis Response Team,False,False,False,False,False,False
18758627,P4N 8A4,48.4737694,-81.3270697,CMHA - Cochrane Timiskaming - Early Intervention Psychosis,False,False,False,False,False,False
26591082,N5R 2Z9,42.7777417,-81.2003983,CMHA - Elgin County - Community Mental Health Clinic,False,False,False,False,False,False
26591060,N5R 2Z9,42.7777417,-81.2003983,CMHA - Elgin County - Prevention and Early Intervention Program for Psychoses (PEPP),False,False,False,False,False,False
39073089,N4K 2H7,44.568194,-80.9433842,CMHA - Grey Bruce - Bruce Shoreline Community Mental Health Team ,False,False,False,False,False,False
39073097,N4K 2H7,44.568194,-80.9433842,CMHA - Grey Bruce - Intensive Case Management,False,False,False,False,False,False
39073081,N4K 2H7,44.568194,-80.9433842,CMHA - Grey Bruce - Leisure Links,False,False,False,False,False,False
39073077,N4K 2H7,44.568194,-80.9433842,CMHA - Grey Bruce - Mental Health Drop In,False,False,False,False,False,False
26590844,N3Y 2N4,42.8440756,-80.3202002,CMHA - Haldimand-Norfolk - Crisis Stabilization Bed Service,False,False,False,False,False,False
18759268,L8N 2C3,43.2523998,-79.8677568,CMHA - Hamilton - Community Enrichment Services,False,False,False,False,False,False
30956538, N5A 5T9,43.38053,-81.001893,CMHA - Huron-Perth - Court Support Program,False,False,False,False,False,False
31113379,N5A 5T9,43.38053,-81.001893,CMHA - Huron-Perth - Crisis Services,False,False,False,False,False,False
18758542,P9N 1G1,49.7660384,-94.4899179,CMHA - Kenora - Counselling ,False,False,False,False,False,False
30978374,K7K 6M9,44.2557371,-76.4980686,CMHA - Kingston - Please Listen,False,False,False,False,False,False
31112333,N7L 1C1,42.4028347,-82.1982412,CMHA - Lambton Kent - Early Intervention Services (EDIS),False,False,False,False,False,False
31110240,N7L 1C1,42.4028347,-82.1982412,CMHA - Lambton Kent - Mental Health First Response,False,False,False,False,False,False
18844887,N5Y 4J8,42.9869502,-81.243177,CMHA - Middlesex - Bereavement Services,False,False,False,False,False,False
31113372, N5Y 4J8,43.0129406,-81.2412024,CMHA - Middlesex - Crisis Mobile Team,False,False,False,False,False,False
19360816, N7G 2Y8,42.9530607,-81.6269737,CMHA - Middlesex - Crisis Reponse Services,False,False,False,False,False,False
30899424,P2A 1T5,45.343831,-80.034263,CMHA - Muskoka Parry Sound - B'saanibamaadsiwin Aboriginal Mental Health,False,False,False,False,False,False
20337805,N4S 1K3,43.129365,-80.754718,CMHA - Oxford County - 24 Hour Crisis and Outreach Program,False,False,False,False,False,False
31149156,N4S 1K3,43.129365,-80.754718,CMHA - Oxford County - Dual Diagnosis Support Services,False,False,False,False,False,False
18759142,L6Y 4M3,43.6599058,-79.7253479,CMHA - Peel Dufferin Branch - Early Psychosis Intervention,False,False,False,False,False,False
28766438,L6Y 4M3,43.6587151,-79.7271966,CMHA - Peel Dufferin Branch - Mobile Crisis Intervention ,False,False,False,False,False,False
18758606,P6A 1Z1,46.512585,-84.33436,CMHA - Sault Ste Marie - Mental Health Counselling,False,False,False,False,False,False
18759041,L4N 3L2,44.3737701,-79.6979159,CMHA - Simcoe County - Early Psychosis Intervention,False,False,False,False,False,False
20321571,L4N 1W2,44.386492,-79.693692,CMHA - Simcoe County - Mobile Crisis Services,False,False,False,False,False,False
30899310,P3C 1T3,46.4930159,-80.999272,CMHA - Sudbury-Manitoulin - Youth Mental Health Justice Program,False,False,False,False,False,False
18758570,P7A 4K9,48.435015,-89.219299,CMHA - Thunder Bay - First Place Clinic and Regional Resource Centre,False,False,False,False,False,False
18759164,M6A 3B4 ,43.7164944,-79.4469404,CMHA - Toronto - Early Psychosis Intervention,False,False,False,False,False,False
18759175,M1H 3C3,43.7773069,-79.2330498,CMHA - Toronto - Transitional Youth Program,False,False,False,False,False,False
31113618,N1H 4E9,43.547648,-80.250359,CMHA - Waterloo Wellington - Mental Health and Justice Services,False,False,False,False,False,False
21777684,N8X 3L9,42.3029585,-83.0259521,CMHA - Windsor-Essex County - Employment Support Services ,False,False,False,False,False,False
18759094,L4G 1M2,43.996098,-79.466708,CMHA - York Region - Early Psychosis Intervention ,True,False,True,True,True,True
26245860,L3Z 2S6,44.0572883,-79.4275662,CMHA - York Region - MOBYSS,False,False,False,False,False,False
12391297, P4N 8S8,48.4859905,-81.3116022,Cochrane Temiskaming Children's Treatment Centre - Social Work ,False,False,False,False,False,False
19499273,N3Y 1S8,42.8350463,-80.3109824,Community Addiction and Mental Health Services Of Haldimand And Norfolk - The Crisis Assessment and Support Team,False,False,False,False,False,False
26631614,L2R 7E7,43.1590359,-79.2454836,Community Addiction Services Of Niagara - Day Treatment,False,False,False,False,False,False
12406122,L2R 7E7,43.1590255,-79.2456285,Community Addiction Services Of Niagara - Substance Abuse Counselling,True,True,True,True,True,True
12399102,K9H 4G7,44.314114,-78.329819,Community Counselling & Resource Centre - Community Mental Health Services,False,False,False,False,False,False
19398635, K9H 4G7,44.307601,-78.3283593,Community Counselling & Resource Centre - Crisis Support,False,False,False,False,False,False
12399100,K9H 4G7,44.314114,-78.329819,Community Counselling & Resource Centre - Group Counselling,False,False,False,False,False,False
12399099,K9H 4G7,44.288049,-78.358322,Community Counselling & Resource Centre - Mental Health & Bereavement Counselling ,False,False,False,False,False,False
21598852,P1B 1C9,46.3072525,-79.4598758,Community Counselling Centre of Nipissing - Addiction Services,False,False,False,False,False,False
12391442,P1B 1C9,46.3072525,-79.4598758,"Community Counselling Centre of Nipissing - Individual, Couple and Family Counselling",True,False,True,True,True,True
45595385,K8N 1C3,44.162072,-77.376742,Community Organized Support & Prevention - Self Esteem Enhancement Development,False,False,False,False,True,False
19978016,K8N 1C3,44.162072,-77.376742,Community Organized Support & Prevention - Youthreach,False,False,False,False,True,False
19216698,N3H 4R8,43.3846178,-80.3877547,Coping Centre - Young Adult Bereavement Program,False,False,False,False,False,False
18577746,K6J 4L1,45.018967,-74.726455,Cornwall Community Hospital - Child and Youth Mental Health Services,False,False,False,False,False,False
18120778,K6J 4L1,45.0193164,-74.7249662,Cornwall Community Hospital - Children's Mental Health Services - Child and Youth Counselling Services,False,False,False,False,False,False
25034273,K6H 5S5,45.0193164,-74.7249662,Cornwall Community Hospital - Mental Health Services - Day Hospital Program,False,False,False,False,False,False
25034200,K6H 5S5,45.0290299,-74.7186465,Cornwall Community Hospital - Mental Health Services - Inpatient Psychiatric Care Unit,True,False,False,False,False,False
14863224,K6H 5S5,45.029197,-74.71866,Cornwall Community Hospital - Mental Health Services - Mobile Crisis Team,True,False,False,False,False,True
25034247,K6H 5S5,45.0193164,-74.7249662,Cornwall Community Hospital - Mental Health Services - Outpatient Mental Health Program,True,False,False,True,True,False
18722563,M6B 3S7,43.7085157,-79.4532314,Cota Health - Mental Health Case Management,False,False,False,False,False,False
18745655,K1L 7K3,45.4340617,-75.6616938,Counselling and Family Service Ottawa - Counselling,False,False,False,False,False,False
18745663,K1L 7K3,45.4340333,-75.6616582,Counselling and Family Service Ottawa - The Walk-in Counselling Clinic Ottawa,False,False,False,False,False,False
18759551,K6H 1B1  ,45.0185581,-74.715357,Counselling and Support Services of S.D. and G. - The Walk-In Counselling Clinic ,False,False,False,False,False,False
19359506, P5A 2T1 ,46.386179,-82.650941,Counselling Centre of East Algoma - Crisis Response Service ,False,False,False,False,False,False
18668903, P5A 2T1,46.38131,-82.638731,Counselling Centre of East Algoma - General Counselling ,False,False,False,False,False,False
26876479, P5A 2T1 ,46.38131,-82.638731,Counselling Centre of East Algoma - In Person Crisis Response Service ,False,False,False,False,False,False
21456897, P5A 2T1,46.38131,-82.638731,Counselling Centre of East Algoma - Youth Addiction Program,False,False,False,False,False,False
45145039,K8P 2R9,44.1704202,-77.3865529,Counselling Services Of Belleville & District - Applied Behaviour Analysis,False,False,False,False,False,False
12391711,K8P 2R9,44.170964,-77.3860033,Counselling Services Of Belleville & District - Autism Intervention Program,False,False,False,False,False,False
12391710,K8P 2R9,44.170516,-77.385989,"Counselling Services of Belleville & District - Individual, Couples and Family Counselling",False,False,False,False,False,False
17964001,N5Z 1S4,42.980404,-81.215631,Craigwood Youth Services - Community Based Mental Health Service,False,False,False,False,False,False
28766543,N5Z 1S4,42.9805578,-81.215893,Craigwood Youth Services - Crisis Intake Team,False,False,False,False,False,False
21580143,N5Z 1S4,42.9805578,-81.215893,Craigwood Youth Services - Day Treatment Groups,False,False,False,False,False,False
29426255,N9A 6J5 ,43.133846,-79.2250251,Crisis Outreach and Support Team - Windsor,False,False,False,False,False,False
29426235,L6J 7W5,43.4787025,-79.6587278,Crisis Outreach and Support Team (COAST) - Halton,False,False,False,False,False,False
29426218,L2T 4C4,43.133846,-79.2250251,Crisis Outreach and Support Team (COAST) - Niagara,False,False,False,False,False,False
20584745,P8N 2Z6,49.76956,-92.83864,Crisis Response Services Kenora Rainy River District - Community Mobile Support,True,False,False,True,True,True
12391972,P8N 2Z6,49.770171,-92.836869,Crisis Response Services Kenora Rainy River District - General Crisis Intervention Hotlines,True,True,True,True,True,True
26536797,P8N 2Z6,49.7701085,-92.8372517,Crisis Response Services Kenora Rainy River District - Safe and Crisis Bed Services,True,False,False,True,True,True
12392049,M5V 1V3,44.043044,-79.45346,Crosslinks Street Outreach and Services Network - Street Outreach Van,False,False,False,False,False,False
18564599,K2C 3J2,45.3712304,-75.749709,Crossroads Children's Centre - Wraparound,False,False,False,False,False,False
17966299,K2C 3J2,45.372532,-75.749905,Crossroads Children's Mental Health Centre - Clinical Treatment,False,False,False,False,False,False
18742741,K2C 3J2,45.3712304,-75.749709,Crossroads Children's Mental Health Centre - Mental Health Walk In Clinic,False,True,True,True,True,False
46652422,M6P 4A9,43.6569819,-79.4524255,CultureLink Settlement and Community Services - Sankofa LGBTQ+,False,False,False,False,False,False
12406276,K0L 1R0,44.4708256,-78.3662228,Curve Lake First Nation - Employment Resource Centre - Nda'nokiitaage'ogamig,False,False,False,False,False,False
12392095,L4M 1G6,44.3905477,-79.6890632,David Busby Street Centre - Drop In Centre & Outreach,False,False,False,False,False,False
12392117,N6A 1G3,42.9835551,-81.2502685,Daya Counselling Centre - Community Therapeutic Counselling,False,False,False,False,False,False
19360744,K6V 6K8,44.545667,-75.747112,Developmental Services Of Leeds And Grenville - Crisis Intervention Network,True,True,True,True,True,True
12834071,M5G1V2,43.655111,-79.388707,Dietitians of Canada - EatRight Ontario,False,False,False,False,False,False
46512648,L1N 4H7,43.8834064,-78.9439181,Distress Centre Durham Region - Prideline Durham,False,False,False,False,False,False
12397764,L7G 4T1,43.6503528,-79.9165591,Distress Centre North Halton - General Crisis Line,False,False,False,False,False,False
12392271,L6K 0A9,43.467517,-79.6876659,Distress Centre Oakville,False,False,False,False,False,False
12406353,K1Y 4J6,45.400671,-75.7287529,Distress Centre Ottawa and Region - Mental Health Crisis Line and Team,False,False,False,False,False,False
12392386,M5A 1V1,43.6581482,-79.3617799,Dixon Hall Neighbourhood Services - Employment Services,False,False,False,False,False,False
12392391,M1E 3G3,43.7753351,-79.1891887,DLC Residential Services - Children's Autism Services ,False,False,False,False,False,False
12394840,L3Y 8V3,44.0454668,-79.478166,Doane House Hospice - Art Therapy Bereavement Support,False,False,False,False,False,False
12392400,P0M 2N1,46.6098919,-80.9808617,Dokis First Nation - Mental Health Services,False,False,False,False,False,False
12392401,P0M 2N1,46.13185,-80.0365,Dokis First Nation - Substance Abuse ,False,False,False,False,False,False
25322607,L2A 1Z2,42.9124531,-78.9241185,Douglas Memorial Hospital Site - Outpatient Mental Health Services,False,False,False,False,False,False
23395524,P8N 1A4,49.785314,-92.838856,Dryden Native Friendship Centre - Akwe:Go Program,False,False,False,False,False,False
23395523,P8N 1A4,49.7854068,-92.8365084,Dryden Native Friendship Centre - Wasa-Nabin Program,False,False,False,True,True,True
12396847,P8N 2Z6,49.7701085,-92.8372517,Dryden Regional Health Centre - Mental Health and Addictions,False,False,False,False,False,False
13351934,L9W 4Z5,43.899445,-80.1164,Dufferin Child and Family Services - Children's Mental Health Services,False,True,True,True,True,True
13351937,L9W 4Z5,43.91654993,-80.10294861,Dufferin Child and Family Services - Walk in Counselling,False,False,False,False,False,False
13352015,L1N 4K8,43.8749619,-78.939821,Durham Mental Health Services - Mobile Crisis Services,False,False,False,False,False,False
12406433,L1N 0B2,43.8985203,-78.9405274,Durham Region Health Department - Durham Health Connection Line,False,False,False,False,False,False
15634325,M1H 2Y9,43.780419,-79.233487,East Metro Youth Services - Megan Residence,False,False,False,False,False,False
15634327,M1H 2Y9,43.780419,-79.233487,East Metro Youth Services - Megan Transitional Unit,False,False,False,False,False,False
46653430,L4Y 4C4,43.609102,-79.5822923,East Mississauga Community Health Centre - QX Drop-In,False,False,False,False,False,False
46653396,L4Y 4C4,43.609102,-79.5822923,East Mississauga Community Health Centre - Trans Activate Drop-In,False,False,False,False,False,False
12396912,K1J 8M6,45.4515926,-75.5965013,Eastern Ottawa Resource Centre - Individual Counselling,False,False,False,False,False,False
44882257,M5A 2K7,43.6632851,-79.3711775,Egale Youth OUTreach,False,False,False,False,False,False
27374103,M5A 1W7,43.6569834,-79.3655367,Egale Youth OUTreach - Drop In Centre,False,False,False,False,False,False
27374004,M5A 2K7,43.6632851,-79.3711775,Egale Youth OUTreach - LGBTQ Hotline,False,False,False,False,False,False
18122840,M5A 2K7,43.653226,-79.3831843,Egale Youth OUTreach - Mental Health Counselling Centre,False,False,False,False,False,False
12404733,P7B 3Z2 ,48.438356,-89.2160059,Elevate NWO - Hepatitis C Treatment Program,False,False,False,False,False,False
29782860,P7B 3Z2 ,48.438356,-89.2160059,Elevate NWO - HIV Clinical Care Program,False,False,False,False,False,False
29782862,P7B 3Z2 ,48.438356,-89.2160059,Elevate NWO - Injection Drug Use Outreach ,False,False,False,False,False,False
29782866,P7B 3Z2 ,48.438356,-89.2160059,Elevate NWO - Prevention and Education ,False,False,False,False,False,False
12407337,K7V 4A2,45.4710925,-76.6829768,Employment Networks - Employment Services,False,False,False,False,False,False
11824738,M1E 1X2,43.7642541,-79.1956746,EMYS - Developmental Services - Aspergers' Youth for Community Engagement and Socialization ,False,False,False,False,False,False
15634296,M1H 3C3,43.758069,-79.224627,EMYS - What's Up Walk-In Counselling,False,False,False,False,False,False
25959042,N8Y 2J4,42.3062046,-83.0059467,Erie - St Clair Clinic - Addictions Counselling Services,False,False,False,False,False,False
12393005, L5K 2N6,43.5125378,-79.66249,ErinoakKids - Applied Behaviour Analysis Services and Supports,False,False,False,False,False,False
25772508,P5E 1R4,46.2464608,-81.7856794,Espanola General Hospital and Health Centre - Mental Health Counselling ,False,False,False,False,False,False
18120333,M9R 2S8,43.6832311,-79.5455201,Etobicoke Children's Centre - Child and Family Counselling Services (CFC),False,False,False,False,False,False
45296058,M9R 2S8?,43.6832311,-79.5455201,Etobicoke Children's Centre - Intensive Behavioural Intervention,False,False,False,False,False,False
18608600,M9R 2S8,43.6832311,-79.5455201,Etobicoke Children's Centre - Intensive Child and Family Service (ICFS),False,False,False,False,False,False
18610779,M9R 2S8,43.6832311,-79.5455201,Etobicoke Children's Centre - Mental Health Treatment for Children Birth to 6,False,False,False,False,False,False
45295958,M9R 2S8,43.6832311,-79.5455201,Etobicoke Children's Centre - Toronto Autism ABA Services,False,False,False,False,False,False
20252948,M9W 3W7,43.7164343,-79.5550275,Etobicoke Children's Centre - What's Up Walk-In Clinic ,False,False,False,False,False,False
25322676,M9V 1R8,43.7296244,-79.5982575,Etobicoke General Hospital - Addiction Counselling Services,False,False,False,False,False,False
12407423,L3P 1A8,43.871934,-79.266275,"Evergreen Hospice Markham, Stouffville and Thornhill - Children and Teen Bereavement Programs",False,False,False,False,False,False
12393202,L6L 5V5,43.394754,-79.711547,Family Adolescent Straight Talk - Adolescent Counselling,False,True,True,True,True,True
12393200,L6L 5V5,43.394754,-79.711547,Family Adolescent Straight Talk - Family Counselling,False,True,True,True,True,True
12393199,L6L 5V5,43.394754,-79.711547,Family Adolescent Straight Talk - Self Destructive Use of Drugs and Alcohol,False,True,True,True,True,True
47995409,L6Y 4M3,43.6584614,-79.726643,Family Association For Mental Health Everywhere - Brampton Family Support,False,False,False,False,False,False
47995390,M8V 2V9,43.6146652,-79.4979796,Family Association For Mental Health Everywhere - Etobicoke Family Support,False,False,False,False,False,False
47995384,L5B 3C3,43.5919647,-79.635895,Family Association For Mental Health Everywhere - Mississauga Family Support,False,False,False,False,False,False
47995393,M9W 3A4,43.7193958,-79.5705163,Family Association For Mental Health Everywhere - Rexdale Family Support,False,False,False,False,False,False
48003592,M1P 2L9,43.7674308,-79.2806944,Family Association For Mental Health Everywhere - Scarborough Family Support,False,False,False,False,False,False
47995380,M4Y 1Y5,43.6643369,-79.3840466,Family Association For Mental Health Everywhere - Toronto Family Support,False,False,False,False,False,False
47995382,L6T 3T6,43.7032347,-79.7248586,Family Association For Mental Health Everywhere - William G. Davis Centre for Families,False,False,False,False,False,False
12393421,N3T 3G8,43.1402101,-80.270745,Family Counselling Centre of Brant - Family Counselling,False,False,False,False,False,False
12393423,N3T 3G8,43.1402101,-80.270745,Family Counselling Centre of Brant - Individual Counselling,False,False,False,False,False,False
18742464,N1R 2E7,43.3552763,-80.3145615,Family Counselling Centre of Cambridge and North Dumfries - Walk-In Counselling Services,False,False,False,False,False,False
19316428,P3C 5E1,46.495733,-80.996082,Family Enrichment Centre - Youth Anger Management Counselling,False,False,False,False,False,False
19198062,P3C 5E1,46.495733,-80.996082,Family Enrichment Centre - Youth Counselling,False,False,False,False,False,False
19360297,N7M 6K7,42.4044536,-82.1794626,Family Service Kent - Back on Track for Teens Program,False,False,False,False,False,False
18672301,N7M 6K7,42.4044536,-82.1794626,Family Service Kent - Counselling ,False,False,False,False,False,False
12393560,N6H 2H1,42.9878776,-81.2702407,Family Service Thames Valley - Counselling,False,False,False,False,False,False
12393565,M6R 2B7,43.6539009,-79.4451808,"Family Service Toronto - Lesbian, Gay, Bisexual, Trans, Queer (LGBTQ) Counselling",False,False,False,False,False,False
12393562,M5B 1Z8,43.67151142,-79.39245122,Family Service Toronto - Walk-In Counselling,False,False,False,False,False,False
18744306,L5B 1M7,43.590774,-79.640035,Family Services of Peel - Walk-In Counselling Service,False,False,False,False,False,False
44865137, K1Y 4X5,45.4031231,-75.7306797,Family Services Ottawa - LGBTTQ+ Youth Group,False,False,False,False,False,False
18745667,K1Y 4X5,45.4031317,-75.7306675,Family Services Ottawa - The Walk-in Counselling Clinic,False,False,False,False,False,False
12393586,N5A 4B4,43.369071,-80.979857,Family Services Perth-Huron - Family and Individual Counselling,False,False,False,False,False,False
12393645,L4C 3N8,43.8590757,-79.3146032,Family Services York Region - Transgender Support Group,False,False,False,False,False,False
15756025,L3Y 8X7,44.057681,-79.429053,Family Services York Region - York Rainbow Support Line,False,False,False,False,False,False
12370311,L9W 4Z9,,,Family Transition Place,False,False,False,False,False,False
26304115,L1V 1E4 ,43.8186288,-79.1722545,Fernie Youth Services - Island Road Residential Treatment,False,False,False,False,False,False
18759583,M3C 2J6,43.7263824,-79.3483472,For You Telecare Family Service - Counselling ,False,False,False,False,False,False
28509634,P0L 1H0,52.2027639,-81.8045314,Fort Albany Hospital Site - James Bay Community Mental Health Program,False,False,False,False,False,False
21773099,L4T 3V8,43.7206688,-79.6522128,Four Corners Health Centre - Youth Substance Abuse Counselling,False,False,False,False,False,False
20357540,K9H 3R7,44.3079067,-78.3198839,Four County Crisis Team - Mobile Crisis Intervention,False,False,False,False,False,False
46652530,M4Y 1X0,43.6618227,-79.3830287,FrancoQueer - Café Global Arc-en-ciel,False,False,False,False,False,False
25395242,M1K 2S3 ,43.7369489,-79.2510239,Fred Victor Centre - CRCT Scarborough,False,False,False,False,False,False
18759795,M1K 2S3,43.7369489,-79.2510239,Fred Victor Centre - Culturally-Oriented Early Intervention Program,False,False,False,False,False,False
26115331,N2G 2P1 ,43.4377379,-80.4600714,Front Door - Kitchener,False,False,False,False,False,False
26115347,N2G 2P1,43.4378273,-80.4600125,Front Door - Mobile Crisis Service,False,False,False,False,False,False
12394005,L1H 5L8,43.8724294,-78.8416876,Frontenac Youth Services - Residential Treatment,False,False,False,False,False,False
12407786,N4K 3E2,44.5600833,-80.9245756,G & B House - Recovery Home,False,False,False,False,False,False
12394029,N0A 1M0,43.0734772,-80.1149431,Gane Yohs Community Health Centre - Eating Disorders Treatment Program,False,False,False,False,False,False
12394026,N0A 2M0,43.0736979,-80.115558,Gane Yohs Community Health Centre - Sexual Health ,False,False,False,False,False,False
22125207,N0A 1M0,43.073068,-80.119225,Ganohkwasra Family Assault Support Services - Youth Lodge,False,False,False,False,False,False
12407804,M4S 2Z8,43.6972322,-79.3926561,Geneva Centre For Autism - Intensive Behaviour Intervention Services ,False,False,False,False,False,False
45312575,M4S 2Z8,43.6972322,-79.3926561,Geneva Centre For Autism - Transitioning Youth,False,False,False,False,False,False
34207771,M8Z 5W3,43.6193659,-79.5482575,George Hull Centre for Children and Families,False,True,True,True,True,True
12394065,L4R 2A7,44.7526708,-79.8690413,Georgian Bay Native Friendship Centre - Aboriginal Alcohol and Drug Program,False,False,False,False,False,False
12394085,P0T 1M0,49.7226939,-86.9547123,Geraldton District Hospital - Social Work,False,False,False,False,False,False
20405202,M4Y 1V3,43.6699854,-79.3809151,Gerstein Centre - Mobile Crisis Response,False,False,False,False,False,False
19206383,M5T 1N2,43.6569406,-79.3960924,Gilda's Club Greater Toronto - Noogieland ,False,False,False,False,False,False
19206948,M5T 1N2 ,43.6569406,-79.3960924,Gilda's Club Greater Toronto - Teen Corner,False,False,False,False,False,False
26591118,P9A 3M9,48.6097528,-93.3955214,Gizhewaadiziwin Health Access Centre - Mental Health Services ,False,False,False,False,False,False
41531077,L8M 3M8,43.2511926,-79.8480779,Good Shepherd Hamilton - Barrett Centre for Crisis Support - Crisis Counselling,False,False,False,False,False,False
41531071,L8M 3M8,43.2511926,-79.8480779,Good Shepherd Hamilton - Barrett Centre for Crisis Support - Crisis Line,False,False,False,False,False,False
41531085,L8M 3M8,43.2511926,-79.8480779,Good Shepherd Hamilton - Barrett Centre for Crisis Support - Crisis Stay Program,False,False,False,False,False,False
26611229,N3S 3N2,43.1389323,-80.2557955,Grand River Community Health Centre - Drop In Counselling,False,False,False,False,False,False
46032049,N3S 3N2,43.1388191,-80.2558723,Grand River Community Health Centre - Gender Journey Brant Youth,False,False,False,True,True,True
17494991,L2E 6X2 ,43.0964023,-79.0908995,Greater Niagara General Hospital Site - Children's Mental Health Services ,False,False,False,False,False,False
16932828,N4K 5W9,44.560176,-80.9254365,Grey Bruce Health Services - Community Addiction Treatment,False,False,False,False,False,False
25406688,N4K 6M9,44.5673884,-80.9122467,Grey Bruce Health Services - Community Outreach Team,False,False,False,False,False,False
28744204,N4K 6M9,44.5778067,-80.926867,Grey Bruce Health Services - Crisis Assessment,False,False,False,False,False,False
26348401,N4K 6M9,44.56819441,-80.94087421,Grey Bruce Health Services - Prevention and Early Intervention Program for Psychosis ,False,False,False,False,False,False
17696935,M2M 2B3,43.787242,-79.411682,Griffin Centre - Community/Family Support Services,False,False,False,False,False,False
46652546,M3J 3J6,43.7680416,-79.4760726,Griffin Centre - reachOUT Drop-in Groups,False,False,False,False,False,False
46652569,M3J 3J6,43.7670686,-79.4758375,Griffin Centre - reachOUT Youth Counselling,False,False,False,False,False,False
43129077,M3J 3J6,43.7690836,-79.4763472,Griffin Centre - What's Up Walk-in Clinic,False,True,True,True,True,True
19317789,L3M 1H3,43.1924401,-79.5630041,Grimsby Life Centre - Anger Management Program,False,False,False,False,False,False
46032064,N0A 1S0,42.893686,-80.141559,Haldimand-Norfolk REACH - Autism Therapy,False,False,False,False,False,False
18111537,N0A 1S0,42.893686,-80.141559,Haldimand-Norfolk REACH - Children's Clinical Counselling Service,False,False,False,False,False,False
18310606,N0A 1S0,42.893686,-80.141559,Haldimand-Norfolk REACH - Walk-In Counselling Clinic,False,False,False,False,False,False
28744214,K0M 2K0,44.9182181,-78.7219387,Haliburton Highlands Health Services - Crisis Intervention,False,False,False,False,False,False
12394374,K0M 2K0,44.9182181,-78.7219387,Haliburton Highlands Health Services - Mental Health Services,False,False,False,False,False,False
23899221,L8H 3Y7,43.2432572,-79.8192563,Hamilton Regional Indian Centre - Employment Services (Apatisiwin),False,False,False,False,False,False
12401681,P1B 1B1,46.291389,-79.442474,Hands - Child and Youth Mental Health - Residential Treatment Centre,False,False,False,False,False,False
12408031,K1G 3N2,45.3710926,-75.567618,Harvest House - Residential Substance Abuse Treatment,False,False,False,False,False,False
12394547,M5B 1G3,43.6600471,-79.3788023,Hassle Free Clinic - Men/Trans Clinic - Sexual Health Services,False,False,False,False,False,False
29357334,K6A 1R2,45.6059561,-74.6158712,Hawkesbury and District General Hospital - Crisis Team of Prescott-Russell,False,False,False,False,False,False
26590905,K6A 1R2,45.6059561,-74.6158712,Hawkesbury and District General Hospital - First Episode Psychosis ,False,False,False,False,False,False
25709881,K6A 1R2,45.6059561,-74.6158712,Hawkesbury and District General Hospital - Mental Health and Addiction Regional Center,False,False,False,False,False,False
26590864,K6A 1R2,45.5980603,-74.6090245,Hawkesbury and District General Hospital - Short Term Crisis Support Bed,False,False,False,False,False,False
26876521,P3E 1B1,46.4921611,-80.9920568,Health Sciences North - Sudbury Mental Health and Addictions Centre - Children's Mobile Crisis Program,False,False,False,False,False,False
18603608, P3E 5J1 ,46.4921611,-80.9920568,Health Sciences North - Sudbury Mental Health and Addictions Centre - Early Psychosis Intervention Program (EPI),True,False,True,False,False,True
25960059, P3E 1X3,46.4812054,-80.9645564,Health Sciences North - Sudbury Mental Health and Addictions Centre - Inpatient Mental Health Unit,False,True,True,True,True,True
23241176,P3E 5J1,46.4919155,-80.9922157,Health Sciences North - Sudbury Mental Health and Addictions Centre - Regional Eating Disorders Program (REDP),True,True,True,True,True,True
25960241,P3E 1X3,46.49112699,-80.97818428,Health Sciences North - Telephone Crisis Intervention Services,True,True,True,True,True,True
46651837,M4G 1R8,43.7182231,-79.3739944,Holland Bloorview Kids Rehabilitation Hospital - Autism Services,False,False,False,False,False,False
28347699,N1E 6K9,43.559836,-80.259352,Homewood Health Centre - Eating Disorders Program,False,False,False,False,False,False
12408132,N0G 2L2,43.9860508,-80.7416805,Homewood Health Centre - Mount Forest - Community Addiction Services,False,False,False,False,False,False
12394838,L4G 3V7,43.9856072,-79.4545505,Hope House Community Hospice - Wings Bereavement Program,False,False,False,False,False,False
12407260,N6B 2P6,42.988099,-81.2434506,Hope's Eating Disorders Support - Group Support,False,False,False,False,False,False
12410492,K4K 0B8,45.5455164,-75.3024572,Hôpital Montfort - Prescott Russell Community Mental Health Centre ,False,False,False,False,False,False
26335076, P0M 1Z0,49.2149266,-84.7747182,Hornepayne Community Hospital - Counselling Program ,False,False,False,False,False,False
19653083,L0E 1R0,44.3045855,-79.361381,Hospice Georgina - Youth Programs,False,False,False,False,False,False
19499370,L4G 3V7,43.9856072,-79.4545505,Hospice King-Aurora - Need It Now Bereavement Support,False,False,False,False,False,False
19499362,L4G 3V7,43.9856072,-79.4545505,Hospice King-Aurora - Who Cares Bereavement Program,False,False,False,False,False,False
12394850,K9H 4E4,44.306726,-78.326994,Hospice Peterborough - Children and Teen Bereavement Counselling,False,False,False,False,False,False
13088452,M4P 1G8,43.7068418,-79.3959794,Hospice Toronto - Young Carers Program,False,False,False,False,False,False
12408165,L4L 2S6,43.7860895,-79.5902698,Hospice Vaughan - Children's Programs - Bereavement Support,False,False,False,False,False,False
12405900,N2M 1Y4,43.440499,-80.512634,Hospice Waterloo Region -  Children and Teen Bereavement Support Groups,False,True,True,True,True,True
28764796,M5G 1X8,43.6573207,-79.3873484,Hospital For Sick Children - Crisis & Psychosis Program,False,False,False,False,False,False
28314025,M5G 1X8,43.6573207,-79.3873484,Hospital For Sick Children - Eating Disorders Day Treatment Program,False,False,False,False,False,False
28313989,M5G 1X8,43.6573207,-79.3873484,Hospital For Sick Children - Eating Disorders Inpatient Clinic Program,False,False,False,False,False,False
12408169,M5G 1X8,43.658554,-79.380889,Hospital For Sick Children - Eating Disorders Outpatient Clinic Program,False,True,False,False,False,True
25558643,M5G 1X8,43.6570865,-79.3884782,Hospital For Sick Children - Substance Abuse Day Treatment Outreach Program,False,False,False,False,False,False
25558637,M5G 1X8,43.6570865,-79.3884782,Hospital For Sick Children - Substance Abuse Day Treatment Program,False,False,False,False,False,False
25050678,N9C 3Z4,42.2855882,-83.063655,Hotel Dieu Grace Healthcare - Addiction Assessment and Outpatient Services,False,False,False,False,False,False
25050572,N9C 3Z4,42.2856493,-83.0634309,"Hotel Dieu Grace Healthcare - Dual Diagnosis Consultation, Outreach Stabilization Service",False,False,False,False,False,False
12411030,K7L 5G2,44.2309092,-76.4860318,Hotel Dieu Hospital  - The Heads Up! Program,False,False,False,False,False,False
25683370,K7L 5G2,44.231641,-76.499695,Hotel Dieu Hospital - Child and Youth Mental Health Urgent Consult Clinic,False,True,False,True,True,True
23241646,K7L 5G2,44.231076,-76.485051,Hotel Dieu Hospital - Eating Disorders ,False,False,False,False,False,False
25683366,K7L 5G2,44.2309092,-76.4860318,Hotel Dieu Hospital - Outpatient Services - Mood and Anxiety Clinic,False,False,False,False,False,False
12396910,K7L 5G2,44.2309092,-76.4860318,Hotel Dieu Hospital - Outpatient Services - Neuro-Developmental Clinic ,False,False,False,False,False,False
12408176,N9C 3E8,42.281575,-83.0590139,House Of Sophrosyne - Residential Program,False,False,False,True,False,False
25406142, M6M 3Z4 ,43.7251455,-79.4816224,Humber River Hospital - Chemical Dependency Day Program,False,False,False,False,False,False
25406724,M6M 3Z4 ,43.7251455,-79.4816224,Humber River Hospital - Child and Adolescent Mental Health Inpatient Unit ,False,False,False,False,False,False
25415348,M6M 3Z4 ,43.7251455,-79.4816224,Humber River Hospital - Child and Adolescent Outpatient Services,False,False,False,False,False,False
25416280,M6M 3Z4,43.7251455,-79.4816224,Humber River Hospital - Child and Adolescent Transition Day Program (TDP),False,False,False,False,False,False
25416808,M6M 3Z4 ,43.7237634,-79.4893709,Humber River Hospital - Early Intervention in Psychosis Program,False,False,False,False,False,False
17992187,N7A 4C7,43.73943479,-81.70956139,Huron Safe Homes for Youth - Counselling Services,False,False,False,False,False,False
12395049,N6A 1R3,42.9889285,-81.2753338,Hutton House Association For Adults With Disabilities - Employment Services,False,False,False,False,False,False
23900092,P6A 3C6,46.5084827,-84.3262365,Indian Friendship Centre - Employment Services (Apatisiwin),False,False,False,False,False,False
51228677,P6A 3C6,46.50811,-84.3270005,Indian Friendship Centre - Sexual Health,False,False,False,False,False,False
23900513,P0L 1C0,49.06292,-81.02892,Ininew Friendship Centre - Akwe: Go,False,False,False,False,False,False
46653143,M2M 4E7,43.7827093,-79.4173753,Integrated Services for Autism and Neurodevelopmental Disorders - Autism Therapy,False,False,False,False,False,False
12395311,P0L 1A0,52.92352,-82.4237729,James Bay General Hospital - James Bay Community Mental Health Program,False,False,False,False,False,False
12395338,M8V 1K8,43.5989849,-79.5129031,Jean Tweed Treatment Centre - Residential Treatment Program,True,False,True,True,False,False
12395337,M8Z 1J5,43.618218,-79.512922,Jean Tweed Treatment Centre - Substance Abuse Day Treatment,True,True,True,False,False,False
12408497,M3H 2T5,43.7525265,-79.4528538,Jewish Addiction Community Services Toronto - Substance Abuse Counselling,False,False,False,False,False,True
12395359,K2B 7Z5,45.3687273,-75.7746626,Jewish Family Services of Ottawa - Counselling,False,False,False,False,False,False
18745645,K2B 7Z5,45.3687273,-75.7746626,Jewish Family Services of Ottawa - The Walk-in Counselling Clinic Ottawa,False,False,False,False,False,False
19613359,L8L 3A2,43.2533264,-79.8241799,"John Howard Society of Hamilton, Burlington & Area - Aggression Management Program",False,False,False,False,False,False
24822490,K2L 4C6,45.304317,-75.8777821,John Howard Society of Ottawa - Community Employment Resource Centre (CERC),False,False,False,False,False,False
24822565,K1N 5L5,45.304317,-75.8777821,John Howard Society of Ottawa - Hire Power Employment Services,False,False,False,False,False,False
19630093,K1N 5L5 ,45.4350264,-75.6830634,John Howard Society of Ottawa - Non-Residential Attendance Centre,False,False,False,False,False,False
19630199,P6A 6K3,46.5132648,-84.3343944,John Howard Society of Sault Ste. Marie - Anger Management,False,False,False,False,False,False
19630291,P3C 1X5,46.4941636,-81.0034162,John Howard Society of Sudbury - Anger Management Program for Youth,False,False,False,False,False,False
19630344,N9A 5E5,42.3146511,-83.0512825,John Howard Society of Windsor-Essex County - Making Alternative Choices Program,False,False,False,False,False,True
25225904,L7S 1W7,43.316603,-79.8051067,Joseph Brant Hospital - Child and Adolescent Clinic,False,False,False,False,False,False
25225913,L7S 1W7,43.316603,-79.8051067,Joseph Brant Hospital - Concurrent Disorders Clinic,False,False,False,False,False,False
25225942,L7S 1W7,43.316603,-79.8051067,Joseph Brant Hospital - Early Intervention in Psychosis (Phoenix),False,False,False,False,False,False
12395478,L7S 1W7,43.3174307,-79.802596,Joseph Brant Hospital - Psychiatric Emergency Service,False,False,False,False,False,False
25225934,L7S 1W7,43.316603,-79.8051067,Joseph Brant Hospital - Short-Term Treatment,False,False,False,False,False,False
25144789,P4N 4M9,48.4869945,-81.3379365,Jubilee Centre - Community Day/Evening Treatment Services,False,False,False,False,False,False
12408557,P4N 4M9,48.4869945,-81.3379365,Jubilee Centre - Residential Treatment and Rehabilitation Services,False,False,False,False,False,False
12395518, P7C 5H4,48.3896768,-89.2613537,Ka-Na-Chi-Hih Specialized Solvent Abuse Treatment Centre - Residential Treatment,False,False,False,False,False,False
12408594,P6A 2T4,46.5081571,-84.3243864,Ken Brown Recovery Home - Inpatient Substance Abuse Treatment ,False,False,False,False,False,False
25961389,M1B 3C6,43.7887857,-79.2357006,Kennedy House Youth Services - Adolescent Girls Program,False,False,False,False,False,False
25961380,M1B 3C6,43.7887857,-79.2357006,Kennedy House Youth Services - Centres for Care: Girls and Young Women Program,False,False,False,False,False,False
25961351,M1B 3C6,43.7887857,-79.2357006,Kennedy House Youth Services - Galloway Adolescent Boys Program,False,False,False,False,False,False
18119982,P9N 3X4,49.761364,-94.478362,Kenora Chiefs Advisory - Mental Health and Addictions ,False,False,False,False,False,False
18122505,N4K 6Y2,44.5782718,-80.9482563,"Keystone Child, Youth and Family Services - Counselling Services",False,False,False,False,False,False
24978166,N4K 2H2 ,44.565515,-80.9396084,"Keystone Child, Youth and Family Services - Residence Program",False,False,False,False,False,False
13289196,L3R 0E7,43.8379666,-79.3301048,Kinark Child and Family Services - Central East Autism Program,False,False,False,False,False,False
12410371,K2P 0J4,45.4170428,-75.6916004,Kind Space - Support Groups,False,False,False,False,False,False
25271180,L8G 5E4,43.2205995,-79.7751632,King Campus Hospital - East Region Mental Health Services (ERMHS),False,False,False,False,False,False
46651385,K7K 1G2,44.233685,-76.4832991,Kingston Community Health Centre  - FUSE Group,False,False,False,False,False,False
25685733,K7L 2V7,44.224284,-76.4927891,Kingston General Hospital - Kinsmen Youth Mental Health Unit ,False,False,False,False,False,False
25961359,P2N 3P4,48.1562161,-80.0225836,Kirkland and District Hospital - Mental Health Services,False,False,False,False,False,False
12395968,P4N 6K6,48.478072,-81.328338,Kunuwanimano Child and Family Services - Counselling Services,False,False,False,False,False,False
12395971,N2G 4K5,43.44255,-80.475966,"KW Counselling Services - Individual, Couple and Family Counselling",False,False,False,False,False,False
12395974,N2G 4K5,43.44255,-80.475966,KW Counselling Services - OK2BME,False,True,True,False,False,True
12405051,N2G 4K5,43.44255,-80.475966,KW Counselling Services - Temper Taming Together,False,False,False,True,True,True
12395970,N2G 4K5,43.44255,-80.475966,KW Counselling Services - Walk In Counselling Clinic,False,False,False,False,False,False
25144914,P0L 1N0,49.6832258,-83.6710476,La Maison Renaissance - Programme de courte durée,False,False,False,False,False,False
35554047,P9N 3W7,49.767024,-94.4994021,Lake Of The Woods District Hospital - Synergy At Risk-To Promise Program,False,False,False,False,False,False
25621354,P9N 3W7,49.7671099,-94.4994107,Lake Of The Woods District Hospital - Aboriginal Services - Native Healer Coordination,False,False,False,False,False,False
25622973,P9N 3W7,49.7671099,-94.4994107,Lake Of The Woods District Hospital - Adult and Youth Addictions Programs,False,False,False,False,False,False
26785877,P9N 3W7,49.767546,-94.5000098,Lake Of The Woods District Hospital - Adult Community Mental Health Counselling Program,False,False,False,False,False,False
35553920,P9N 3W7,49.767024,-94.4994021,Lake Of The Woods District Hospital - Challenge Club Day Treatment Program ,False,False,False,False,False,False
26785908,P9N 3W7,49.767546,-94.5000098,Lake Of The Woods District Hospital - Inpatient Psychiatry Program,False,False,False,False,False,False
35554059,P9N 3W7,49.767024,-94.4994021,Lake Of The Woods District Hospital - Recovery Support Program,False,False,False,False,False,False
15754619,L1N 6A9,43.8753161,-78.9186608,Lake Ridge Community Support Services -  Community Behaviour Therapy,False,False,False,False,False,False
45113135,L1N 6A9,43.8753161,-78.9186608,Lake Ridge Community Support Services - Durham ABA Autism Services,False,False,False,False,False,False
28509677,L1C 2N4,43.909145,-78.6791354,Lakeridge Health Bowmanville - Youth Crisis Intervention,False,False,False,False,False,False
25145294,L1G 2B9,43.9066084,-78.8703454,Lakeridge Health Oshawa - Child and Adolescent Inpatient Mental Health Program,False,False,False,False,False,False
25145301,L1G 2B9,43.9066084,-78.8703454,Lakeridge Health Oshawa - Child and Youth Outpatient Mental Health Program,False,False,False,False,False,False
18119831,L1G 2B9,43.9057474,-78.8691422,"Lakeridge Health Oshawa - Child, Youth and Family Program",False,False,False,False,False,False
23241144,L1J 2L5,43.8916768,-78.8951019,Lakeridge Health Oshawa - Eating Disorders Program,False,False,False,False,False,False
23412225,L1G 2B9,43.9066084,-78.8703454,Lakeridge Health Oshawa - Outpatient Services,False,False,False,False,False,False
28509663,L1G 2B9,43.9057474,-78.8691422,Lakeridge Health Oshawa - Youth Crisis Intervention,False,False,False,False,False,False
12396073,L9L 1L9,44.1041024,-78.9562125,Lakeridge Health Port Perry - Youth Crisis Intervention,False,False,False,False,False,False
12401042,K7C 4J9,45.1269503,-76.1305079,Lanark Community Programs - Autism Therapy,False,False,False,False,False,False
26348602,K6V 4J2,44.5979765,-75.6888672,"Lanark, Leeds and Grenville Addictions and Mental Health  - The Heads Up! Program ",False,False,False,False,False,False
18723076,K6V 4J2,44.5979765,-75.6888672,"Lanark, Leeds and Grenville Addictions and Mental Health - Open Access Days",False,False,False,False,False,False
12391504,NBH 4L5,43.3964575,-80.3447513,Langs - Counselling Services,False,False,False,False,False,False
46032156, N3T 1S7,43.1294365,-80.2761628,Lansdowne Children's Centre - ABA Based Autism Services,False,False,False,False,False,False
46032143,N3T 1S7,43.1294365,-80.2761628,Lansdowne Children's Centre - Autism Intervention Program,False,False,False,False,False,False
18770102,K6K1K2,45.0561346,-74.7679236,Laurencrest Youth Services - Counselling ,False,False,False,False,False,False
25959025,N8H 1N9,42.0494358,-82.6141703,Leamington District Memorial Hospital - Addictions Services,False,False,False,False,False,False
25959018,N8H 1N9,42.0494358,-82.6141703,Leamington District Memorial Hospital - Teen Health Center,False,False,False,False,False,False
26115354,N8Y 3G6,42.323433,-83.0136343,Leone Residence - Residential Mental Health Services,False,False,False,False,False,False
12403751,M4Y 2W5,43.662763,-79.3833359,LGBT Youth Line,False,False,False,False,False,False
12408838,L6K 3G5,43.4399834,-79.6729443,"Lighthouse Peer Support Program for Children, Youth and their Caregivers - Bereavement Counselling",False,False,False,False,False,False
25558832,N4W 2Y8,43.7323574,-80.9499141,Listowel Mental Health Outpatient Services - Mental Health ,False,False,False,False,False,False
25690849,P0P 1K0,45.9801743,-81.9319565,Little Current Hospital - Manitoulin Mental Health Clinic - Mood and Anxiety Program,False,False,False,False,False,False
18119900, N6A 5W9,42.960029,-81.22543,London Children's Hospital - Child and Adolescent Mental Health Inpatient Care Program,False,False,False,False,False,False
25226376,N6C 2V5,42.9602088,-81.2255428,London Children's Hospital - Child and Adolescent Mental Health Outpatient Care Program,False,False,False,False,False,False
23241170,N6C 2R6,42.9602088,-81.2255428,London Children's Hospital - Eating Disorders,False,False,False,False,False,False
28134672,N6C 2V5,42.9602088,-81.2255428,London Children's Hospital - Eating Disorders Counselling,False,False,False,False,False,False
28134670,N6C 2V5,42.9602088,-81.2255428,London Children's Hospital - Eating Disorders Day Treatment,False,False,False,False,False,False
28134664,N6C 2V5,42.9602088,-81.2255428,London Children's Hospital - Inpatient Eating Disorders Clinic,False,False,False,False,False,False
25226383,N6C 2V5,42.9602088,-81.2255428,London Children's Hospital - Mental Health Day Treatment,False,False,False,False,False,False
28134654,N6C 2V5,42.9602088,-81.2255428,London Children's Hospital - Outpatient Eating Disorders Clinic,False,False,False,False,False,False
18746267,K1N 8Z6,45.4349256,-75.6810148,Lowertown Community Resource Centre - Youth Counselling Program,False,False,False,False,False,False
18123185,N2J 3Z4,43.469514,-80.590859,Lutherwood - Children's Mental Health - Day Treatment,False,False,False,False,False,False
25959794,L8N 1R5,43.250865,-79.865482,Lynwood Charlton Centre - Charlton Residential Program,False,False,False,False,False,False
18123121,L8N 1R5,43.2510635,-79.8655586,Lynwood Charlton Centre - Compass Day Treatment Program (COMPASS),False,False,False,False,False,False
25959814,L9H 6Y6,43.2921107,-80.0090131,Lynwood Charlton Centre - Flamborough Residential and Day Treatment Program,False,False,False,False,False,False
12408926,L9C 5E3,43.2330932,-79.9118141,Lynwood Charlton Centre - Upper Paradise Day Treatment Programs,False,True,False,True,True,False
18120368,L4C 4Z3,43.8704455,-79.4508084,"Mackenzie Richmond Hill Hospital - Shaw Clinic, Child and Family Services",False,False,False,False,False,False
17993984,K2S 1A9,45.260287,-75.9228114,Main Street Community Services - Individual Counselling,False,False,False,False,False,False
12398867,K7K 7G3,44.2587325,-76.5086308,Maltby Centre - Autism Services,False,False,False,False,False,False
17087373,M1B 5E2,43.818072,-79.204841,Malvern Family Resource Centre - Counselling Services,False,False,True,False,False,True
28733775,L3P 7P3,43.8839387,-79.23113,Markham Stouffville Hospital - Crisis Services,False,False,False,False,False,False
12396683,L3P 7P3,43.8838069,-79.2321747,Markham-Stouffville Hospital - ATLAS Program,False,False,False,False,False,False
12396681,L3P 7P3,43.8839387,-79.23113,Markham-Stouffville Hospital - Child and Adolescent Services,False,False,False,False,False,False
18123204,N9C 1T9,42.2907462,-83.0720501,Maryvale Adolescent And Family Services - Acute Care Mental Health Hospital Program,False,False,False,False,False,False
18310332,N9C 1T9,42.2907462,-83.0720501,Maryvale Adolescent And Family Services - Brief Service Outpatient Counselling,False,False,False,False,False,False
18111516,M4K 2S5,43.687658,-79.355627,Massey Centre - Maternal Infant Mental Health,False,True,True,True,True,True
29400989,P7B 2X9,48.4278011,-89.2299819,Matawa First Nation - Matawa First Nation Regional Crisis Team,False,False,False,False,False,False
29400820, P4N 2P4,48.4695846,-81.3255991,Mattagami First Nation - Wabun Tribal Council Regional Crisis Intervention,False,False,False,False,False,False
12396716,P0H 1V0,46.3109589,-78.7135737,Mattawa General Hospital - East Nipissing Mental Health Services - Crisis Intervention Program,False,False,False,False,False,False
25690939,P0H 1V0,46.3109589,-78.7135737,Mattawa General Hospital - East Nipissing Mental Health Services - Intensive Case Management Program,False,False,False,False,False,False
19653170,L9R 0B7,44.150537,-79.896808,Matthews House Hospice - HUGS Program,False,False,False,False,False,False
28766525,P0P 1G0,45.8172268,-82.1770539,M'Chigeeng First Nation - Crisis Intervention,False,False,False,False,False,False
25322541,L8N 3Z5,43.366464,-79.605866,McMaster University Medical Centre & Children's Hospital - Child and Youth Mental Health Emergency Services (CHYMES) ,False,False,False,False,False,False
25321328,L8N 3Z5,43.366464,-79.605866,McMaster University Medical Centre & Children's Hospital - Day Hospital,False,False,False,False,False,False
46278698,L8L 0A4,43.2632612,-79.8547073,McMaster University Medical Centre & Children's Hospital - Hamilton Autism Intervention Program,False,False,False,False,False,False
46278753,L9C 1C4,43.2318642,-79.8939254,McMaster University Medical Centre & Children's Hospital - Hamilton Niagara Regional Autism Intervention Program,False,False,False,False,False,False
12410259,L8N 3Z5,43.2527494,-79.8595991,McMaster University Medical Centre & Children's Hospital - Inpatient Child and Youth Eating Disorders Program,False,False,False,False,False,False
25322530,L8N 3Z5,43.366464,-79.605866,McMaster University Medical Centre & Children's Hospital - Inpatient Services,False,False,False,False,False,False
23195772,L8N 3Z5 ,43.2527494,-79.8595991,McMaster University Medical Centre & Children's Hospital - Outpatient Pediatric Eating Disorders Clinic,False,False,False,False,False,False
28092907,L8N 3Z5,43.366464,-79.605866,McMaster University Medical Centre & Children's Hospital - Pediatric Eating Disorders Day Treatment,False,False,False,False,False,False
12394742,L5N 2W7,43.5810644,-79.7576395,Meadowvale (West Mississauga) Healthy Sexuality Clinic - Sexual Health Services,False,False,False,False,False,False
12396829,L8M 1J4,43.2494317,-79.8465279,Men's Addiction Service Hamilton (MASH) - Inpatient Substance Abuse Treatment,False,False,False,False,False,False
12396859,L4N 1W2,44.3865023,-79.6935815,Mental Health And Addiction Services Of Simcoe County - Gloria House,False,False,False,False,False,False
25632169,M4C 3E7,43.6897586,-79.3259225,Michael Garron Hospital - Child and Adolescent Mental Health InPatient Service,False,False,False,False,False,False
37048496,M4C 3E7,43.6897586,-79.3259225,Michael Garron Hospital - Child and Adolescent Mental Health OutPatient Service,False,False,False,False,False,False
37048518,M4K 1N2,43.6897586,-79.3259225,Michael Garron Hospital - Community Outreach Services,False,False,False,False,False,False
25630072, M4C 3E7,43.6897586,-79.3259225,Michael Garron Hospital - Mental Health Outpatient Services,False,False,False,False,False,False
12397009,N6A 5L7,42.981407,-81.253628,Middlesex-London Health Unit - Birth Control Clinic,False,False,False,True,False,False
25226158,L9T 7H6,43.5025681,-79.8655964,Milton District Hospital - Mental Health Urgent Care Clinic,False,False,False,False,False,False
24269752,K1K 4C1,45.4227266,-75.6500929,Minwaashin Lodge - Family Counselling Services ,False,False,False,False,False,False
25099913,L5B 1B8,43.5722445,-79.6087517,Mississauga Hospital - Child & Adolescent Mental Health Services,False,False,False,False,False,False
18121955,L9L 1B6,44.1967831,-78.8790413,Mississaugas of Scugog Island First Nation - Mental Health Services,False,False,False,False,False,False
18123273,N0A 1H0,42.962706,-80.044594,Mississaugas of the New Credit First Nation - Mental Health Services,True,True,True,True,True,True
14812010,M4R 1A1,43.7066028,-79.3999277,Mood Disorders Association of Ontario - Warm Line,True,False,True,True,True,True
12385381,P0L 1Y0,,,Moosonee Family Resource Centre,False,False,False,False,False,False
18672406,P0L 1W0,51.274756,-80.6468129,Moosonee Hospital Site - Community Mental Health & Addictions Program,False,False,False,False,False,False
25558671,M5G 1X5,43.6575099,-79.3902938,Mount Sinai Hospital - Inpatient Mental Health Services,False,False,False,False,False,False
25558687,M5G 1X5,43.6575099,-79.3902938,Mount Sinai Hospital - Mental Health Day Treatment Program,False,False,False,False,False,False
46477392,L4C 1T5,43.8752448,-79.4375116,My House - Community Space,False,False,False,False,False,False
24271165,P0X 1L0,49.658526,-93.831613,Naotkamegwanning First Nation - Crisis Intervention,False,False,False,False,False,False
18120022,P0X 1L0,49.6585264,-93.8316132,Naotkamegwanning First Nation - Mental Health Program,False,False,False,False,False,False
12397379,M5G 2C4,43.6586363,-79.388479,National Eating Disorder Information Centre - Eating Disorder Information & Helpline,True,True,True,True,True,True
18119975,M6G 1A5,43.6558779,-79.4092707,Native Child and Family Services of Toronto - Strengthening Families,False,False,False,False,False,False
21862221,M5G 1K2,43.6611057,-79.3844428,Native Child and Family Services of Toronto - Substance Use Awarenss and Abuse Management,False,False,False,False,False,False
12397468,L7L 1T3,43.356913,-79.765112,Nelson Youth Centres - After School Treatment Program,False,True,False,False,False,True
12397467,L7L 1T3,43.356913,-79.765112,Nelson Youth Centres - Community Mental Health Support,False,False,False,False,False,False
18398665,L7L 1T3,43.356913,-79.765112,Nelson Youth Centres - Half Day Intensive Program,False,True,False,False,False,False
12397478,K2G 4V3,45.3363279,-75.7247679,"Nepean, Rideau and Osgoode Community Resource Centre - Youth Counselling",False,False,False,False,False,False
18122614,L0S 1J0,43.1638316,-79.1683675,Niagara Regional Native Centre - Children's Mental Health Program,False,False,False,False,False,False
12397626,N0L 1Y0,42.8278207,-81.4431018,Nimkee Nupigawagan Healing Centre - Inpatient Substance Abuse Treatment,False,False,False,False,False,False
19630187,N7T 5V5,42.963932,-82.4093405,Non Residential Attendance Centre - Attendance Centre Program,False,False,False,False,False,False
26536941,P0P 1K0,45.9804652,-81.9277929,Noojmowin Teg Health Centre - Psychologist Services,False,False,False,False,False,False
12397736, N3Y 1T7,42.8354721,-80.3144682,Norfolk General Hospital - In Person Crisis Services,False,False,False,False,False,False
18123384,P1B 4A8,46.3166292,-79.4592776,North Bay Indigenous Friendship Centre - Children & Youth Wellness - The Children's Mental Health and Addictions,False,False,False,False,False,False
12397747,P1B 4A6,46.3166514,-79.4589838,North Bay Indigenous Friendship Centre - Substance Abuse Program,False,False,False,False,False,False
12409272,P1B 5Z7 ,46.31163865,-79.45249092,North Bay Regional Health Centre - Community Addiction Treatment Service,False,False,False,False,False,False
26115668,P1B 5Z7 ,46.3142471,-79.4548907,North Bay Regional Health Centre - Concurrent Disorders ,False,False,False,False,False,False
25271207,P1B 5Z7 ,46.3142471,-79.4548907,North Bay Regional Health Centre - Counselling - Mental Health Clinic ,False,False,False,False,False,False
23049732,P1B 1Z7,46.3142471,-79.4548907,North Bay Regional Health Centre - Eating Disorders Program,False,False,False,False,False,False
25959795,P1B 5A4,46.335521,-79.499194,North Bay Regional Health Centre - Emergency Department Psychiatric Consultations ,False,False,False,False,False,False
25959838,P1B 5Z7,46.3149507,-79.4543143,North Bay Regional Health Centre - Nipissing Crisis Intervention Program,False,False,False,False,False,False
25959825,P1B 5Z7 ,46.3142471,-79.4548907,North Bay Regional Health Centre - Nipissing Early Intervention in Psychosis Program,False,False,False,False,False,False
25961720,P0J 1P0,47.5081558,-79.6743705,North Eastern Ontario Family and Children's Services -  Residential Programs - F. W. Schumacher (FWS),False,False,False,False,False,False
26114545,P0L 2G0,47.5081558,-79.6743705,North Eastern Ontario Family and Children's Services -  Residential Programs - Pavillion Jeanne Sauve Residence ,False,False,False,False,False,False
12397767,L8L 4S1,43.2729923,-79.8589604,North Hamilton Community Health Centre - Counselling Services,False,False,False,False,False,False
18120742,K0G 1K0,45.0219718,-76.3796269,North Lanark Community Health Centre - Healthy Young Families Program,False,False,False,False,False,False
12397798,K0J 1P0,46.104511,-77.505639,North Renfrew Family Services - Counselling,False,False,False,False,False,False
18737467,K0J 1P0 ,46.0914086,-77.4760762,North Renfrew Family Services - Walk-in Counselling Clinic,False,False,False,False,False,False
12391285,P5A 1Z5,46.3835526,-82.6454991,North Shore Community Support Services - Club 90,True,False,False,False,False,False
25397872,M2K 1E1,43.7704035,-79.3641191,North York General Hospital - Child and Adolescent Day Hospital,False,False,False,False,False,False
25393929,M2K 1E1,43.7704035,-79.3641191,North York General Hospital - Inpatient Child & Teen Mental Health Unit,False,False,False,False,False,False
25395243,M2K 1E1,43.7704035,-79.3641191,North York General Hospital - Urgent Care Clinic,False,False,False,False,False,False
17698398,K9A 5V2,43.9672855,-78.16519532,Northumberland Community Counselling Centre - Community Counselling Program,False,False,False,False,False,False
12409378,K9A 5J4,43.9720357,-78.1967242,Northumberland Hills Hospital - Community Mental Health Services,False,False,False,False,False,False
12397912,K9A 5J4,43.9763738,-78.2022141,Northumberland Hills Hospital - Community Mental Health Services - Crisis Intervention Service,False,False,False,False,False,False
25709724,K9A 5J4,43.9715184,-78.1963124,Northumberland Hills Hospital - Community Mental Health Services - Early Psychosis Intervention,False,False,False,False,False,False
25961342,P7C 3J6,48.391084,-89.237233,NorWest Community Health Centre -  Thunder Bay Community Health Centre - Counselling,True,True,True,True,True,True
45980381,P0T 2A0,49.7788119,-86.5267859,Norwest Community Health Centre - Longlac Community Health Centre - LGBTQ Health,False,False,False,False,False,False
45980334,P7C 3J6,48.3911527,-89.2371984,NorWest Community Health Centre - Thunder Bay Community Health Centre - Gender Journey's,False,False,False,False,False,False
45980283,P7C 3J6,48.3913853,-89.2372229,NorWest Community Health Centre - Thunder Bay Community Health Centre - LGBTQ Health,False,False,False,False,False,False
45980490,P7C 3J6,48.3911527,-89.2371984,NorWest Community Health Centre - Thunder Bay Community Health Centre - The Other Ten Percent,False,False,False,False,False,False
45980441,P0T 1A0,50.3035948,-89.0373995,NorWest Community Health Centres - Armstrong Community Health Centre - LGBTQ Health,False,False,False,False,False,False
12371688,N3R 4J8,,,Nova Vita ,False,False,False,False,False,False
12385354,N3R 4J8,,,Nova Vita ,False,False,False,False,False,False
12398001,P3C 1T5,46.4931253,-80.9990702,N'Swakamok Native Friendship Centre - Drug and Alcohol Program,False,False,False,False,False,False
24271068,P3C 1T5,46.5513927,-81.0354982,N'Swakamok Native Friendship Centre - Healing and Wellness Program,False,False,False,False,False,False
25226099,L6J 3L7,43.45268,-79.6734901,Oakville-Trafalgar Memorial Hospital - Child and Adolescent Inpatient Unit Day Hospital,False,False,False,False,False,False
25226088,L6J 3L7,43.45268,-79.6734901,Oakville-Trafalgar Memorial Hospital - Child and Adolescent Psychiatric Inpatient Service ,False,False,False,False,False,False
25226097,L6K 3V3,43.4434594,-79.6966903,Oakville-Trafalgar Memorial Hospital - Child and Youth Outpatient Services,False,False,False,False,False,False
28120489,L6K 3V3,43.4435112,-79.696776,Oakville-Trafalgar Memorial Hospital - Eating Disorders Clinic,False,False,False,False,False,False
25226114, L6K 3V3,43.4434594,-79.6966903,Oakville-Trafalgar Memorial Hospital - The Phoenix Program: Early Intervention for Psychosis Service,False,False,False,False,False,False
12400664, K1N 5Z6,45.4317657,-75.6785799,Odawa Native Friendship Centre - In Person Crisis Intervention,False,False,False,False,False,False
28975775,P1B 8G5,46.3297395,-79.526441,Ojibway Family Resource Centre - Crisis Support and Counselling ,False,False,False,False,False,False
12398099,N0L 2G0,42.8189051,-81.4095673,Oneida Nation of the Thames - Mental Health ,False,False,False,False,False,False
26368479,L1N 5S9 ,43.8484247,-78.9457262,Ontario Shores Centre For Mental Health Sciences - Adolescent Day Treatment,False,False,False,False,False,False
25961743,L1N 5S9 ,43.8484247,-78.9457262,Ontario Shores Centre For Mental Health Sciences - Adolescent Inpatient Services,False,False,False,False,False,False
28092974,L1N 5S9,43.8484247,-78.9457262,Ontario Shores Centre For Mental Health Sciences - Eating Disorders Unit,False,False,False,False,False,False
26368490,L1N 5S9 ,43.8484247,-78.9457262,Ontario Shores Centre For Mental Health Sciences - The Mood and Anxiety Program (MAP),False,False,False,False,False,False
12378764,N4S 8X8,43.1314966,-80.7471651,Operation Sharing,False,False,False,False,False,False
24474407,N4S 8X8,43.1316366,-80.7461981,Operation Sharing - Cynthia Anne Centre,False,False,False,False,False,False
24474413,N4S 8X8,43.1316366,-80.7461981,Operation Sharing - Dundas Street Site,False,False,False,False,False,False
28733711,L9W 4X9,43.920509,-80.072243,Orangeville Dufferin Area Hospital - Crisis Services,False,False,False,False,False,False
25404907,L9W 4X9,43.920509,-80.072243,Orangeville Dufferin Area Hospital - Mental Health Transitional Care Worker ,False,False,False,False,False,False
25772471,L3V 2Z3,44.6050421,-79.4238109,Orillia Soldier's Memorial Hospital - Acute Out-Patient Services,False,False,False,False,False,False
25772484,L3V 2Z3,44.6050421,-79.4238109,Orillia Soldiers' Memorial Hospital - Community Mental Health Services,False,False,False,False,False,False
25772420,L3V 2Z3,44.6050421,-79.4238109,Orillia Soldiers' Memorial Hospital - Crisis Response Services,False,False,False,False,False,False
25772435,L3V 2Z3,44.6050421,-79.4238109,Orillia Soldier's Memorial Hospital - Day Hospital,False,False,False,False,False,False
25772458,L3V 2Z3,44.6050421,-79.4238109,Orillia Soldier's Memorial Hospital - In-Patient Services,False,False,False,False,False,False
12407274,L3V 2Z3,44.605089,-79.425605,Orillia Soldier's Memorial Hospital - Paediatric Eating Disorder Program,False,False,False,False,False,False
12398469,K1E 3J4,45.4799378,-75.511612,Orléans-Cumberland Community Resource Centre - Counselling,False,False,False,False,False,False
31234319,K1L 6B3,45.437728,-75.6563544,Ottawa Addictions Access and Referral Services - Distress Line,False,False,False,False,False,False
12398518,K2P 1Y3,45.4134491,-75.69462,Ottawa Chinese Community Service Centre - Family Counselling,False,False,False,False,False,False
26876538,K2P 2A8 ,45.4127755,-75.6968956,Ottawa Chinese Community Service Centre - The Walk-In Counselling Clinic ,False,False,False,False,False,False
26876558,K1Y 2X5,45.4066,-75.7221795,Ottawa Community Immigrant Services Organization (OCISO) - The Walk-In Counselling Clinic ,False,False,False,False,False,False
26569707,K1H 8K7,45.3879831,-75.6752122,Ottawa Hospital Civic Campus - On Track - Champlain Regional First Episode Psychosis Program,False,False,False,False,False,False
25959071,K1Y 4E9,45.3926934,-75.7211927,Ottawa Hospital Civic Campus - Outpatient Services and Urgent Consultation Clinic,False,False,False,False,False,False
46438431,N1H 8M5,43.543928,-80.2487725,Out on the Shelf - Guelph's Queer Library and Resource Centre,False,False,False,False,False,False
24837599,N6C 0A7,42.9554224,-81.2295513,Parkwood Institute - Adolescent Psychiatry Program,False,False,False,False,False,False
25226323,N6C 0A7,42.9554224,-81.2295513,Parkwood Institute - Concurrent Disorders Services,False,False,False,False,False,False
29350870, L2V 4Y6,43.1111996,-79.2392402,Pathstone Mental Health - Mobile Crisis Intervention,False,False,False,False,False,False
26304224,N7S 2Y6,43.0015407,-82.3656718,Pathways Health Centre for Children - Behaviour Support Services,False,True,False,False,False,True
18121086,P0L 1Y0,51.2731677,-80.6445104,Payukotayno James and Hudson Bay Family Services - Child and Youth Milopemahtesewin Services,False,False,False,False,False,False
12398951,L5N 5R8 ,43.5946342,-79.7502988,Peel Crisis Capacity Network - In Person Crisis Intervention,True,True,True,True,True,True
12392846,L6R 3J7,43.7474656,-79.7432225,Peel Memorial Centre for Integrated Health and Wellness - Eating Disorders Clinic,False,False,False,False,False,False
25772349,K8A 1G8 ,45.8141184,-77.1067995,Pembroke Regional Hospital - Acute Mental Health,False,False,False,False,False,False
28524768,K7H 2K1,44.9050308,-76.253076,Perth Great War Memorial Site - Crisis Services,True,True,True,True,True,True
25709939,K9J 7C6,44.300825,-78.346112,Peterborough Regional Health Centre - Child Adolescent Psychiatric Unit,False,True,True,True,True,True
18123210,K9J 7C6,44.300825,-78.346112,Peterborough Regional Health Centre - Family and Youth Clinic,False,False,False,False,False,False
12407258,K9J 7C6 ,44.3002405,-78.3473413,Peterborough Regional Health Centre - Family And Youth Clinic - Eating Disorders ,False,True,True,True,True,True
28556970,K9J 7C6 ,44.3002405,-78.3473413,Peterborough Regional Health Centre - Psychiatric Crisis Services,True,True,True,True,True,True
52532155,K9H 4G7,44.307601,-78.3283593,Peterborough Youth Services,False,False,False,False,False,False
14292198,K2P 1X3,45.4163073,-75.6968542,PFLAG Support Line,False,False,False,False,False,False
46438175, L2W 1A4,43.17327,-79.276534,Phoenix Centre for Learning - Autism Therapy Services,False,False,False,False,False,False
47763752,P0V 2L0,51.80424,-93.9927079,Pikangikum First Nation - Crisis Intervention ,False,False,False,False,False,False
28975821, K2B 6R7,45.3664153,-75.7879952,Pinecrest-Queensway Community Health Centre - Intake/Counselling,False,False,False,False,False,False
28975763,L3K 3E1,42.8850844,-79.2528626,Port Cares - Crisis and Advocacy,False,False,False,False,False,False
28134687, L3K 2N7,42.8797041,-79.2586964,Port Colborne Hospital Site - Niagara Eating Disorder Outpatient Program,False,False,False,False,False,False
25688570,K7L 4X3,44.2210088,-76.5146544,Providence Care Hospital - Dual Diagnosis Consultation Outreach Team,True,False,False,True,True,True
25145017,N7M 5L9,42.4053677,-82.1936435,Public General Hospital Society Of Chatham - Outpatient Mental Health Services,False,False,False,False,False,False
25145008,N7M 5L9,42.4053677,-82.1936435,Public General Hospital Society Of Chatham - Youth Inpatient Psychiatric Services,False,False,False,False,False,False
21853906,L4T 0A7,43.7102895,-79.6521369,Punjabi Community Health Services - South Asian Addictions Day Program,True,False,True,True,True,True
25389920,M9C 1A5,43.6090384,-79.5618179,Queensway General Hospital - Child and Adolescent Mental Health Services,False,False,False,False,False,False
28556948,K2H 8P4,45.3351231,-75.8078316,Queensway-Carleton Hospital - Emergency Consultation,False,False,False,False,False,False
28556927,K2H 8P4,45.3351231,-75.8078316,Queensway-Carleton Hospital - Inpatient Unit,False,False,False,False,False,False
12399545, K2H 8P4,45.3351231,-75.8078316,Queensway-Carleton Hospital - Outpatient Assessment and Treatment,False,False,False,False,False,False
12410569,M5T 2E4,43.6519314,-79.3982236,Queer Asian Youth - Support Services,False,False,False,False,False,False
46278781,L2R 2Z9,43.1635318,-79.2301361,Quest Community Health Centre - Gender Quest,False,False,False,False,False,False
12410582,L2V 4Y6,43.1110786,-79.2392999,Quest Community Health Centre - Rainbow Niagara,False,False,False,False,False,False
46512912,K0K 3E0,44.3285308,-77.5183725,Quinte Therapeutic Riding Association - Theraputic Riding,False,False,False,False,False,False
46654009,K8V 4J4,44.1107748,-77.5954383,Quinte West Youth Centre - Youth Spectrum LGBTQ,False,False,False,False,False,False
26591085,P0W 1E0,48.6378859,-93.9130349,Rainy River First Nations - Mental Health Services,False,False,False,False,False,False
12399596,L6T 4G6,43.704117,-79.727737,Rapport Youth and Family Services - Counselling for Families at Risk,False,False,False,False,False,False
12399597,L6T 4G6,43.704117,-79.727737,Rapport Youth and Family Services - Youth Counselling Program,False,False,False,False,False,False
12403698,N2G 2N1,43.442784,-80.473748,Ray of Hope - Youth Addiction Services - Day Treatment,False,False,False,False,False,False
12410614,M8X 2W4,43.676743,-79.447563,Reconnect Community Health Services - Community Mental Health Agency,False,False,False,False,False,False
36025861,M8X 2W4,43.6461277,-79.5229811,Reconnect Health Services - South Toronto Link Team,False,False,False,False,False,False
36025871,M8X 2W4,43.6461277,-79.5229811,Reconnect Health Services - West Toronto Link Team,False,False,False,False,False,False
12406025,P0V 2M0,51.02144,-93.8230077,Red Lake Community Counselling and Addiction Services - Substance Abuse Counselling,False,False,False,False,False,False
12405050,M2N 4Y5,43.765747,-79.400384,Regesh Family and Child Services - Anger Management Clinic,True,True,True,True,True,True
28990974,M2N 4Y5,43.7662733,-79.4003239,Regesh Family and Child Services - Crisis Intervention,False,False,False,False,False,False
12399670,M2N 4Y5,43.765747,-79.400384,Regesh Family and Child Services - Family Counselling,True,True,True,True,True,True
12399666,M2N 4Y5,43.765747,-79.400384,Regesh Family and Child Services - Individual Counselling,False,False,False,False,False,False
46653878,N6A 1C7,42.9831071,-81.2483873,Regional HIV/AIDS Connection - Open Closet,False,False,False,False,False,False
39390839,M4Y 1N1,43.6681327,-79.3838023,Renascent - Family Counselling Program,False,False,False,False,False,False
12407872,M5T 1G5,43.6541171,-79.3931612,Renascent - Graham Munro Treatment Centre For Women,False,False,False,False,False,False
39390848,M4Y 1N1,43.6681327,-79.3838023,Renascent - Teen Support Group,False,False,False,False,False,False
12410655,K7V 1P5,45.4826098,-76.6974135,Renfrew County Addiction Treatment System - Addictions Treatment Service,False,False,False,False,False,False
21579723,K7V 2Y2,45.4708073,-76.6840621,Renfrew County Addiction Treatment System - Pathways Alcohol and Drug Treatment Services of Renfrew County ,False,False,False,False,False,False
12399750,K0J 1P0 ,46.0914087,-77.4760765,Renfrew Victoria Hospital - Addictions Treatment Service,False,False,False,False,False,False
12395874,K7K 3C1,44.235462,-76.4836408,Resolve Counselling Services - Child and Youth Program,True,True,True,True,True,True
18743787,K7K 3C1,44.235462,-76.4836408,Resolve Counselling Services Canada - Individual and Family Counselling,True,True,True,True,True,True
18757469,K1K 1N1,45.4276001,-75.6586452,"Rideau-Rockcliffe Community Resource Centre - Counselling, Information and Referrals ",False,False,False,False,False,False
12401550, K1Y 4X5,45.4026757,-75.730301,Rideauwood Addiction and Family Services - Youth and Young Adult Continuing Care Program ,False,False,False,False,False,False
26569577,K8A 3K2,45.827734,-77.107545,Robbie Dean Family Counselling Centre - Counselling,True,True,True,True,True,True
46651411,K8A 3K2,45.8275266,-77.106274,Robbie Dean Family Counselling Centre - LGBTQ Youth Support Group,False,False,False,False,False,False
13231090,L6L 1C8,43.3993084,-79.7063731,ROCK Reach Out Centre for Kids - Aberdeen House Residential Treatment Services,False,False,False,False,False,False
17984414,M1P 2T7,43.753556,-79.255376,Rosalie Hall - Community Counselling,False,False,False,False,False,False
25616305,K9V 4M8,44.351789,-78.7513616,Ross Memorial Hospital - Community Counselling - Adult Counselling,False,False,False,False,False,False
18413273,K9V 4M8,44.351789,-78.7513616,Ross Memorial Hospital - Community Counselling - Clinical Case-Management Program,False,False,False,False,False,False
25616838,K9V 4M8,44.351789,-78.7513616,Ross Memorial Hospital - Community Counselling - Crisis Response Program,False,False,False,False,False,False
25620031,K9V 4M8,44.351789,-78.7513616,Ross Memorial Hospital - Community Counselling - Lynx Early Intervention Program,False,False,False,False,False,False
25225802,M1E 4C1,43.78218,-79.206886,Rouge Valley Centenary Health Centre Site - First Intervention Treatment Team,False,False,False,False,False,False
12410715,M1E 4B9,43.7807594,-79.2050226,Rouge Valley Centenary Health Centre Site - Shoniker Mental Health Clinic ,False,False,False,False,False,False
26115512,K1Z 7K4,45.3890056,-75.7301564,Royal Ottawa Health Care Group - Mental Health Programs - Youth - Inpatient Hospitalization/Partial Hospitalization,False,False,False,False,False,False
18119994,K1Z 7K4,45.3885381,-75.7298003,Royal Ottawa Health Care Group - Mental Health Programs - Youth - Outpatient Services,False,False,False,False,False,False
25015768,L4M 6M2,44.4162212,-79.6618435,Royal Victoria Regional Health Centre - Mental Health and Addiction Services - Acute Outpatient Services ,False,False,False,False,False,False
12399862,L4M 6M2 ,44.4159999,-79.661931,Royal Victoria Regional Health Centre - Mental Health and Addiction Services - Crisis Services,False,False,False,False,False,False
12396834,L4M 6M2,44.4162212,-79.6618435,Royal Victoria Regional Health Centre - Mental Health And Addiction Services - Inpatient Services,False,False,False,False,False,False
23208342,L4M 6M2,44.4162212,-79.6618435,Royal Victoria Regional Health Centre - Simcoe County Eating Disorders Services,False,False,False,False,False,False
12399947,P0L 1Y0,51.2250693,-80.6983703,Sagashtawao Healing Lodge - Family Healing Program,False,False,False,False,False,False
12410787,M5R 1R9,43.6729185,-79.4026291,Sancta Maria House - Residential Home,False,False,False,False,False,False
12400166,K1N 1C7 ,45.4293323,-75.6836889,Sandy Hill Community Health Centre - Counselling Services,False,False,False,False,False,False
12400170,P0V 1V0,53.050354,-93.3333049,Sandy Lake First Nation - Mental Health Program,False,False,False,False,False,False
25065887,N7T 6S3,42.9777357,-82.3889224,Sarnia General Hospital - Child & Adolescent Mental Health Unit,False,False,False,False,False,False
28744279,N7T 6S3,42.976627,-82.389264,Sarnia General Hospital - Crisis Intervention ,False,False,False,False,False,False
28120558,N7T 6S3,42.976627,-82.389264,Sarnia General Hospital - Eating Disorders Outreach Program,False,False,False,False,False,False
12401205,N7T 6S3,42.977849,-82.38892,Sarnia General Hospital - Lambton County Youth Addiction Services,False,False,False,False,False,False
25065888,N7T 6S3,42.977849,-82.38892,Sarnia General Hospital - Outpatient Youth Mental Health,False,False,False,False,False,False
23395504, N0H 2L0 ,44.5146621,-81.3440878,Saugeen First Nation - Health Services,False,False,False,False,False,False
12392492, N0H 2L0 ,44.5146621,-81.3440878,Saugeen First Nation - Substance Abuse Counselling,False,False,False,False,False,False
25396706,P6A 3C7,46.5054486,-84.3213368,Sault Area Hospital - Addictions Treatment Clinic,False,False,False,False,False,False
28766433,P6B 0A8 ,46.5488136,-84.3111593,Sault Area Hospital - Crisis Services,False,False,False,False,False,False
23241214,P6A 2B6 ,46.5486554,-84.3194006,Sault Area Hospital - Eating Disorders Program ,False,False,False,False,False,False
29057386,P6B 0A8,46.5488136,-84.3111593,Sault Area Hospital - Mobile Crisis Response,False,False,False,False,False,False
25395109,P6A 2B6 ,46.5054486,-84.3213368,Sault Area Hospital - Psychiatric Orphan Patient Clinic ,False,False,False,False,False,False
46512745,K0H 2H0,44.296816,-76.7588966,SAY OutLoud - Support Group,False,False,False,False,False,False
28766207,M1K 5G8,43.7201889,-79.2737896,Scarborough Hospital - Birchmount Campus - Hospital Crisis Program,False,False,False,False,False,False
29056449,M1W 3W3,43.800625,-79.306967,Scarborough Hospital - Birchmount Campus - Mobile Crisis Intervention Teams (MCIT) ,True,False,False,False,False,True
12391763,N0K 1W0,43.5511473,-81.385122,Seaforth Community Hospital - Huron Perth Helpline and Crisis Response,False,False,False,False,False,False
25558783,N0K 1W0,43.5511473,-81.385122,Seaforth Community Hospital - Huron Perth Prevention and Early Intervention Program for Psychosis,False,False,False,False,False,False
25558811,N0K 1W0 ,43.5511473,-81.385122,Seaforth Community Hospital - Outpatient Mental Health Services,False,False,False,False,False,False
12407912,L4M 1P1,44.392635,-79.690115,Seasons Centre for Grieving Children - Children's Bereavement Counselling,False,False,False,False,False,False
19211916,L4M 1P1,44.392635,-79.690115,Seasons Centre for Grieving Children - Teen Bereavement Counselling,False,False,False,False,False,False
41404966,K6J 3R1,45.0207065,-74.7295994,Seaway Valley Community Health Centre - Walk-In Counselling,False,False,False,False,False,False
12400648,N2L 2B5,43.4619407,-80.5295707,Shalom Counselling Services - Waterloo - Individual Counselling,False,False,False,False,False,False
12400651,P0G 1G0,45.344749,-80.024404,Shawanaga First Nation - Family Well-Being Program,False,False,False,False,False,False
12410927,M5R 2T1,43.662217,-79.401763,Sheena's Place - Eating Disorder Support,False,False,False,False,False,False
18737502,M5A 2S5,43.6622416,-79.3726072,Sherbourne Health - LGBTQ2S Youth Counselling,False,False,False,False,False,False
14870974,M5A 2S5,43.6622416,-79.3726072,Sherbourne Health Centre - Psychiatric Consultation Services,False,False,False,False,False,False
12400710,P3C 1N2,46.491863,-81.000999,Shkagamik-kwe Health Centre - Bereavement Counselling,False,False,False,False,False,False
31224853,M4Y 2H4,43.6656243,-79.3781869,SickKids Centre for Community Mental Health - Gender Variant Service,False,False,False,False,False,False
31224726,M4Y 2H4,43.6656243,-79.3781869,SickKids Centre for Community Mental Health - Infant & Pre-School Assessment Team,False,False,False,False,False,False
31224773,M4Y 2H4,43.6656243,-79.3781869,SickKids Centre for Community Mental Health - Latency Assessment Team,False,False,False,False,False,False
14884717,M4Y 2H4,43.6656243,-79.3781869,SickKids Centre for Community Mental Health - Residential Treatment Services,False,False,False,False,False,False
31212157,M3M 2X4,43.7424211,-79.4961689,SickKids Centre for Community Mental Health - Single Session Consultations,False,False,False,False,False,False
31224865,M4Y 2H4,43.6656243,-79.3781869,SickKids Centre for Community Mental Health - Trauma-informed Assessment & Treatment,False,False,False,False,False,False
15757049,P1L 1K8,45.052484,-79.300604,Simcoe Muskoka Family Connexions - Mobile Crisis Program,False,False,False,False,False,False
17690325,P8T 1B8,50.091206,-91.910974,Sioux Lookout First Nations Health Authority - Nodin Child and Family Intervention Services,False,False,False,False,False,False
12391606,P8T 1B4,50.1045094,-91.9268373,Sioux Lookout Meno Ya Win Health Centre - Mental Health and Addictions Program,False,False,False,False,False,False
12399912,K0M 1S0,45.0467,-78.508797,SIRCH Community Services - One-on-One Bereavement Counselling,False,False,False,False,False,False
22818021,P7C 0A6,48.3862695,-89.2703057,Sister Margaret Smith Centre -  Eating Disorders Program,False,False,False,False,False,False
25960022,P7C 0A6,48.3862695,-89.2703057,Sister Margaret Smith Centre - Mental Health Addiction and Problem Gambling Programs - Youth Addiction Programs ,False,False,False,False,False,False
26115747,P7C 0A6,48.3862695,-89.2703057,Sister Margaret Smith Centre - Mental Health Addiction and Problem Gambling Programs - Youth in transition ,False,False,False,False,False,False
34936583,M9W 2T4,43.726735,-79.562129,"Skylark Children, Youth and Families -  Merge Day Treatment Program",False,False,False,False,False,False
15739788,M5R 2R8,43.7081426,-79.4003132,"Skylark Children, Youth and Families - Residential Services",False,False,False,True,True,True
34936606,M6M 3W5,43.684275,-79.473638,"Skylark Children, Youth and Families - Visions Day Treatment Program",False,False,False,False,False,False
15739784,M4Y 1G7,43.64856,-79.385323,"Skylark Children, Youth and Family Services  - What's Up Walk-in Clinic",False,True,True,True,True,True
12410066,M4Y 1G7,43.665161,-79.383673,"Skylark Children, Youth and Family Services - Counselling Services",False,False,False,False,False,False
26876570,K1V 7Z4,45.3744395,-75.6652976,Somali Centre For Family Services - The Walk-In Counselling Centre ,False,False,False,False,False,False
12400978,K1R 6S3,45.4089213,-75.7098605,Somerset West Community Health Centre - Individual Counselling,False,False,False,False,False,False
21473524,K1R 6S3,45.4013609,-75.7262204,Somerset West Community Health Centre - Smoking Cessation,False,False,False,False,False,False
18770866,L6S 3Y2,43.7183118,-79.7459123,South Asian Community Health Services  - Youth Counselling,False,False,False,False,False,False
12401005,K1H 8K7,45.3879831,-75.6752122,South-East Ottawa Community Health Centre - Counselling Services,False,False,False,False,False,False
25709722,L3Y 2P9,44.0602265,-79.4522927,Southlake Regional Health Centre - Child and Adolescent In-Patient Unit,False,False,False,False,False,False
25709718,L3Y 2P9,44.0602265,-79.4522927,Southlake Regional Health Centre - Child and Family Clinic for Specialized Mental Health Services,False,False,False,False,False,False
25709725,L3Y 2P9,44.0602265,-79.4522927,Southlake Regional Health Centre - Day Hospital Program,False,False,False,False,False,False
25709738,L3Y 2P9,44.0602265,-79.4522927,Southlake Regional Health Centre - Disruptive Behaviours Program,False,False,False,False,False,False
28314244,L3Y 2P9,44.0602265,-79.4522927,Southlake Regional Health Centre - Eating Disorders Day Treatment Program,False,False,False,False,False,False
25709745,L3Y 2P9,44.0602265,-79.4522927,Southlake Regional Health Centre - Urgent Clinic,False,False,False,False,False,False
19653009,L8W 3V9,43.1836851,-79.8345145,SPCA Hamilton/Burlington - Pet Bereavement Support,False,False,False,False,False,False
46477287,N2L 5G6,43.4547482,-80.4971274,SPECTRUM: Waterloo Region's Rainbow Community Space - Drop In Centre,False,False,False,False,False,False
46477292,N2L 5G6,43.4547482,-80.4971274,SPECTRUM: Waterloo Region's Rainbow Community Space - Trans Peer Support Group,False,False,False,False,False,False
24323141,L2S 0A9,43.1533086,-79.2784519,St. Catharines Hospital Site - Children's Mental Health Services ,False,False,False,False,False,False
12391449,L2S 0A9,43.1533086,-79.2784519,St. Catharines Hospital Site - Psychiatric Emergency Response Team (PERT),False,False,False,False,False,False
18120274,N7V 4G6,42.99517,-82.4016279,St. Clair Child and Youth Services - Walk-In Therapy Clinic,False,False,False,False,False,False
25960057,P7C 5P7,48.3840018,-89.2487425,St. Joseph's Health Centre - Mental Health and Addictions Outreach Programs - Northwestern Ontario Concurrent Disorders Program,False,False,False,False,False,False
25960130,P7C 5P7,48.3840018,-89.2487425,St. Joseph's Health Centre - Mental Health Outpatient Programs - Psychiatric Consultation Clinic,False,False,False,False,False,False
25397790,P5A 1X2 ,46.3844107,-82.6623956,St. Joseph's General Hospital - Mental Health Clinic ,False,False,False,False,False,False
25015694,M6R 1B5,43.6388876,-79.448529,St. Joseph's Health Centre Toronto - Addictions Services,False,False,False,False,False,False
12405819,M6R 1B5,43.6388876,-79.448529,St. Joseph's Health Centre Toronto - Child and Adolescent Mental Health,False,False,False,False,False,False
28766089,M6R 1B5,43.6398288,-79.4505027,St. Joseph's Health Centre Toronto - Psychiatric Emergency Services,False,False,False,False,False,False
25263303,L9C 0E3,43.2421717,-79.8830122,St. Joseph's Healthcare Hamilton West 5th Campus - Cleghorn Early Psychosis Intervention Program ,False,False,False,False,False,False
25271112,L8N 3K7,43.250915,-79.870907,St. Joseph's Healthcare Hamilton West 5th Campus - Community Psychiatry Clinic,False,False,False,False,False,False
28120522,L8N 3K7,43.250915,-79.870907,St. Joseph's Healthcare Hamilton West 5th Campus - Eating Disorders Program,False,False,False,False,False,False
19684290,N7T 5W3,42.981316,-82.402585,St. Joseph's Hospice - Sarnia-Lambton - Caring Hearts Children's Program,False,False,False,False,False,False
12401100,N3R 7E3,43.170475,-80.2630939,St. Leonard's Community Services - Mental Health Crisis Walk-In Service,False,False,False,False,False,False
12401107,N3T 5P9,43.1393867,-80.2644254,St. Leonard's Community Services - Telephone Crisis Counselling,False,False,False,False,False,False
19198873,N3T 5P9,43.147929,-80.265694,St. Leonard's Community Services - Youth Anger Control,False,False,False,False,False,False
25558699,M4X 1K2,43.6647275,-79.3741718,St. Michael's Hospital - Addictions Counselling,False,False,False,False,False,False
25558709,M5B 1W8 ,43.6539147,-79.3776706,St. Michael's Hospital - Inpatient Psychiatry,False,False,False,False,False,False
25558712,M5B 1W8,43.6554736,-79.3814331,St. Michael's Hospital - Psychiatric Emergency Services,False,False,False,False,False,False
36280158,M5V 1V1,43.6472926,-79.3967827,Stella's Place - Individual Counselling,False,False,False,False,False,False
12396694,L9R 1W7,44.155541,-79.872681,Stevenson Memorial Hospital -  Mary McGill Community Mental Health Program   ,False,False,False,False,False,False
12401263,L9R 1W7,44.1539514,-79.8691544,Stevenson Memorial Hospital - Crisis Intervention,False,False,False,False,False,False
23242034,N5A 2Y6,43.368168,-80.995481,Stratford General Hospital - Eating Disorders Program,False,False,False,False,False,False
28975842, N5A 2Y8,43.3681748,-80.9972311,Stratford General Hospital - Emergency Crisis Services,False,False,False,False,False,False
12833701,N5A 2Y6,43.3700007,-80.9822286,Stratford General Hospital - Huron Perth Crisis Intervention Program,False,False,False,False,False,False
12401324,N5A 2Y6 ,43.3682873,-80.9974914,Stratford General Hospital - Psychiatric Day and Evening Program,False,False,False,False,False,False
25613027,N5A 2Y6 ,43.3700007,-80.9822286,Stratford General Hospital - Psychological Services ,False,False,False,False,False,False
41404222,P3C 1W9,46.4937765,-80.999788,Sudbury Action Centre for Youth - LGBTQ2 Program,False,False,False,False,False,False
12401388,P3B 1M7,46.491892,-80.987225,Sudbury Counselling Centre - Counselling,False,False,False,False,False,False
45981026,P3A 4S1,46.610126,-80.9947212,Sudbury Therapeutic Riding Program - Equestrian Therapy,False,False,False,False,False,False
12411165,N9C 2Z5,42.289719,-83.0739416,Summit Centre For Preschool Children With Autism - STEPS Program,False,False,False,False,False,False
25617674,M4N 3M5,43.7249074,-79.3737727,Sunnybrook Health Sciences Hospital - Adolescent Anxiety Disorders Program,False,False,False,False,False,False
25616060,M4N 3M5,43.7249074,-79.3737727,Sunnybrook Health Sciences Hospital - Centre for Youth Bipolar Disorder,False,False,False,False,False,False
25619269,M4N 3M5,43.7249074,-79.3737727,Sunnybrook Health Sciences Hospital - Depression Care,False,False,False,False,False,False
25619664,M4N 3M5,43.7249074,-79.3737727,Sunnybrook Health Sciences Hospital - Fresh Start Day Treatment Program,False,False,False,False,False,False
25613620,M4N 3M5,43.7249074,-79.3737727,Sunnybrook Health Sciences Hospital - Mental Health Inpatient Unit F2 ,False,False,False,False,False,False
45296012,M5S 2C2,43.6611603,-79.3886786,Surrey Place Centre - Toronto Autism ABA Services,False,False,False,False,False,False
19213951,K0K 2T0,44.008942,-77.1375219,The Edith Fox Life and Loss Centre - Lambs for Children ,False,False,False,False,False,False
26115166,N8Y 1C8,42.3219914,-83.0149805,The Inn Of Windsor- Residential Treatment Program,False,False,False,False,False,False
29357301,K1Z 7K4,45.3890056,-75.7301564,The Royal - Mental Health Programs - Psychiatric Outreach Team,False,False,False,False,False,False
12402890,N3L 2N7,43.1525048,-80.276363,The Willett Hospital - Mental Health Clinic,False,False,False,False,False,False
12401812,M4H 1N7,43.704508,-79.3466955,Thorncliffe Neighbourhood Office - Mental Health Support Program ,False,False,False,False,False,False
12402631,N2G 1C8,43.4542551,-80.501963,Thresholds Homes & Supports - Crisis Respite Residential Program,False,False,False,False,False,False
12401876,P7B 3S7,48.4181667,-89.2409383,Thunder Bay Counselling Centre - Counselling,False,False,False,False,False,False
26611415,P7B 6V4 ,48.4247133,-89.269097,Thunder Bay Regional Health Sciences Centre - Adult Mental Health Services - Inpatient Services,False,False,False,False,False,False
26631598,P7B 6V4 ,48.4247133,-89.269097,Thunder Bay Regional Health Sciences Centre - Adult Mental Health Services - Mental Health Assessment Team and Brief Intervention Treatment Team,False,False,False,False,False,False
26611425,P7B 6V4 ,48.4247133,-89.269097,Thunder Bay Regional Health Sciences Centre - Child and Adolescent Mental Health Unit - Inpatient Services,False,False,False,False,False,False
26536838, P0V 1J0,51.720005,-91.8202859,Tikinagan Child And Family Services - Oshka-Teesuk Neehgan Healing Centre ,False,False,False,False,False,True
12381089,P4N 2T7,,,Timmins And Area Women In Crisis,False,False,False,False,False,False
12638563,P4N 2T7,,,Timmins And Area Women In Crisis,False,False,False,False,False,False
12402051,P4N 8P2,48.4875869,-81.3135915,Timmins and District Hospital - Child and Adolescent Mental Health Program ,False,False,False,False,False,False
12396830,P4N 8P2,48.48612,-81.315231,Timmins and District Hospital - Mental Health Program - Crisis Response Team,False,False,False,False,False,False
23262644,P4N 8P2,48.48612,-81.315231,Timmins and District Hospital - Mental Health Services - Eating Disorders Program ,False,False,False,False,False,False
12402059,P4N 2S7,48.4753848,-81.337019,Timmins Family Counselling Centre - Family Counselling,False,False,False,False,False,False
12402057,P4N 2S7,48.4753848,-81.337019,Timmins Family Counselling Centre - Individual Counselling,False,False,False,False,False,False
12402070,P4N 1K1,48.4709357,-81.3307395,Timmins Native Friendship Centre - Aboriginal Alcohol and Drug Program,False,False,False,False,False,False
45981006,P4R 0H5 ,48.475718,-81.375926,Timmins Therapeutic Riding Association - Equestrian Assisted Therapy Services,False,False,False,False,False,False
12407328,M4P 1E8,43.707781,-79.393846,Toronto Community Employment Services - Employment Services,False,False,False,False,False,False
28080072,M5G 2C4,43.6591111,-79.3882094,Toronto General Hospital - Day Hospital Eating Disorders Treatment,False,False,False,False,False,False
23273609,M5G 2C4,43.6591111,-79.3882094,Toronto General Hospital - Inpatient Eating Disorder Program,False,False,False,False,False,False
25709754,M5G 2C4,43.6591111,-79.3882094,Toronto General Hospital - Women's Mental Health Program ,False,False,False,False,False,False
25709932,M5T 2S8,43.6537025,-79.4060937,Toronto Western Hospital - Asian Initiative in Mental Health Clinic,False,False,False,False,False,False
25709769,M5T 2S8,43.6537025,-79.4060937,Toronto Western Hospital - Community Mental Health Clinic,False,False,False,False,False,False
25709776,M5T 2S8,43.6537025,-79.4060937,Toronto Western Hospital - Portuguese Mental Health and Addiction Services,False,False,False,False,False,False
29400347,M5T 2S8,43.6540127,-79.4057184,Toronto Western Hospital - Psychiatric Emergency Services Unit (PESU) ,False,False,False,False,False,False
28766180,M5G 2C4,43.6534469,-79.4055132,Toronto Western Hospital - Urgent Care Clinic ,False,False,False,False,False,False
12411403,M5R 2S6,43.674233,-79.4055953,Transition House - Residential Substance Abuse Treatment,False,False,False,False,False,False
12402219,K9H 3P9,44.3042928,-78.3201081,Tri County Community Support Services - Behavioural Consultation Services,False,False,False,False,False,False
46653191,K9H 3P9,44.3042928,-78.3201081,Tri County Community Support Services - Central East Autism Program,False,False,False,False,False,False
28744617,L5M 2N1,43.5593496,-79.7032464,Trillium Health Partners  - Crisis Intervention Team,False,False,False,False,False,False
46278673,L5M 2N1,43.5596019,-79.7024745,Trillium Health Partners - Autism Services,False,False,False,False,False,False
12402237,M1S 3J1,43.79856,-79.265564,Tropicana Community Services - Culturally Appropriate Counselling,False,False,False,False,False,False
19204708,M1S 3J1,43.7981929,-79.2643433,Tropicana Community Services - YouthSTART Program,False,False,False,False,False,False
24978176,M4K 1J7 ,43.6729545,-79.357442,"Turning Point Youth Services - Clifton, Withrow & Woodycrest Houses",False,False,False,False,False,False
26298449,M4Y 2X9,43.674351,-79.408154,Turning Point Youth Services - Concurrent Disorders Program,True,False,False,True,True,True
12402247,M4Y 2X9,43.6661427,-79.3789091,Turning Point Youth Services - Counselling Services,False,False,False,False,False,False
12402271, L3R 3W5,43.8275485,-79.3287763,Under The Banyan Tree Centre For The Developmentally Disabled - Personal Goal Directed Services,False,False,False,False,False,False
45325436,L3R 3W5,43.8275485,-79.3287763,Under The Banyan Tree Centre For The Developmentally Disabled - Social Skills Groups,False,False,False,False,False,False
12398645,N1G 2W1,,,University of Guelph OUTline,False,False,False,False,False,False
12396538,N5Z 1E6,42.978379,-81.219358,Vanier Children's Services - Community Services,False,False,False,False,False,False
28766535,N5Z 1E6,42.9779634,-81.2169234,Vanier Children's Services - Crisis Intake Team,False,False,False,False,False,False
25960247,N5Z 1E6,42.9791124,-81.216753,Vanier Children's Services - Long Term Residential Treatment Program,False,False,False,False,False,False
25960243,N5Z 1E6,42.9791124,-81.216753,Vanier Children's Services - Medium-Term Treatment Program,False,False,False,False,False,False
25960239,N5Z 1E6,42.9791124,-81.216753,Vanier Children's Services - Short Term Residential Program,False,False,False,False,False,False
18120080,K1L 1A2,45.435633,-75.661256,Vanier Community Service Centre - Counselling Services,False,False,False,False,False,False
12397494,K1L 1A2,45.435633,-75.661256,Vanier Community Service Centre - In Person Crisis Intervention,False,False,True,False,False,False
19317951,L6V 3W6,43.7058732,-79.7867777,Victim Services of Peel - Homicide Survivor Support,False,False,False,False,False,False
12399339,N6A 5W9,42.9869502,-81.243177,Victoria Hospital - Prevention And Early Intervention Program For Psychosis (PEPP),False,False,False,False,False,False
19676807,L4L 1A7,43.8076901,-79.6392763,Vitanova Foundation - Main Office - Anger Management Program,False,False,False,False,False,False
26115651,L4L 1A7,43.8076901,-79.6392763,Vitanova Foundation - Substance Abuse Day Program,False,False,False,False,False,False
14884530,N7M 3J9,42.402329,-82.179282,VON Chatham-Kent - Kids' Circle,False,True,False,True,True,True
18120508,K1L 6B8,45.43701,-75.659333,Wabano Centre for Aboriginal Health - Children & Youth Mental Health,False,False,False,False,False,False
21473491,K1L 6B8 ,45.4372237,-75.6587027,Wabano Centre For Aboriginal Health - Youth Crisis Counsellor,True,True,False,True,True,True
18121865, P0X 1P0,50.0999521,-94.976868,Wabaseemoong Independent Nations - Mental Health and Community Wellness,False,False,False,False,False,False
47764063,P0K 1N0,48.6015547,-80.4128834,Wahgoshig First Nation - Crisis Intervention ,False,False,False,False,False,False
26876522,K1Y 4X5,45.4031231,-75.7306797,Walk-In Counselling Clinic - Community Mental Health Agency,False,False,False,False,False,False
26114910,N8A 4K9,42.6049066,-82.516212,Walpole Island First Nation - Place of Helpers Substance Abuse Counselling,False,False,False,False,False,False
46032380,L9Z 1S2,44.48092,-80.064091,Wasaga Beach Youth Centre - LGBTQ+ Club,False,False,False,False,False,True
35553923,N7M 5J5,42.375503,-82.216156,WAYS Mental Health Support - Chatham Community Support Program,False,False,False,False,False,False
28766541,N5Z 1E6,42.98708,-81.227507,WAYS Mental Health Support - Crisis and  Intake Team,False,False,False,False,False,False
35553839,N5W 2S8,42.9869502,-81.243177,WAYS Mental Health Support - Intensive Residential Service - Fee for Service,False,False,False,False,False,False
35553831,N5W 2S8,42.98708,-81.227507,WAYS Mental Health Support - Intensive Residential Services,False,False,False,False,False,False
18443516,N5W 2S8,42.375503,-82.216156,WAYS Mental Health Support - London Community Youth Support Program,False,False,True,True,True,True
35553907,N5W 2S8,42.98708,-81.227507,WAYS Mental Health Support - Transitional Residential Services,False,False,False,False,False,False
18805253,P9A 3N1,48.6097528,-93.3955214,Weechi-it-te-win Family Services - Child Mental Health,False,False,False,False,False,False
12402643,P9A 3N1,48.6097528,-93.3955214,Weechi-it-te-win Family Services - Family Counselling Program,False,False,False,False,False,False
12386878,N9B 2M1,42.31213,-83.06193,Welcome Centre Shelter for Women and Families,False,False,False,False,False,False
12373215,N9B 2M1,42.31213,-83.06193,Welcome Centre Shelter for Women and Families,False,False,False,False,False,False
24323142,L3B 4W6,42.9798733,-79.2485612,Welland Hospital Site - Children's Mental Health Services ,False,False,False,False,False,False
28766547,N4S 1H1,43.1329539,-80.7346292,Wellkin Child and Youth Mental Wellness - Crisis Intake Team,False,False,False,False,False,False
17698116,N0G 2V0,44.1327801,-81.1463244,Wellness and Emotional Support for Youth Online,False,False,False,False,False,False
12411610,L3M 1P2,43.188246,-79.544756,West Lincoln Memorial Hospital - West Niagara Mental Health Team,True,False,False,True,True,True
12402807,P2B 1V9,46.3737534,-79.9209588,West Nipissing General Hospital - Centre Alliance Centre - Crisis Intervention,False,False,False,False,False,False
25691018,P2B 1V9,46.3737534,-79.9209588,West Nipissing General Hospital - Centre Alliance Centre - Mental Health Counselling,False,False,False,False,False,False
25691042,P2B 1V9,46.3737534,-79.9209588,West Nipissing General Hospital - Centre Alliance Centre - Psychiatric Consultation,False,False,False,False,False,False
25691048,P2B 1V9,46.3737534,-79.9209588,West Nipissing General Hospital - Centre Alliance Centre - Substance Abuse/Addictions Assessment and Treatment,False,False,False,False,False,False
12402818,K2L 4H7,45.2987789,-75.8904074,Western Ottawa Community Resource Centre - Individual Counselling,False,False,False,False,False,False
46651435,K2L 2K6,45.289399,-75.8782087,Western Ottawa Community Resource Centre - Queerios LGBTQ+ Youth Drop-In,False,False,False,True,True,True
35264223,L5T 2Y6,43.64659,-79.7025,WhereToStart.ca - Access to Mental Health Services for Children and Youth,False,False,False,False,False,False
26114562,N0A 1M0,43.073068,-80.119225,White Pines Wellness Centre - Six Nations Health Services New Directions Program,True,True,True,True,True,True
12402855,P0P 1A0,46.0682113,-81.7776902,Whitefish River First Nation - Health Centre - Mental Health ,False,False,False,False,False,False
18770462,N1R 3K3,43.352553,-80.3132303,Wholistic Child and Youth - Counselling,False,False,False,False,False,False
26348389,N0H 2T0,44.7383225,-81.138711,Wiarton Hospital - Mental Health and Addiction Services - North Grey Team,False,False,False,False,False,False
12402882,P0P 2J0,45.7975223,-81.7290871,Wikwemikong Unceded Indian Reserve - Nadmadwin Mental Health Clinic,False,False,False,False,False,False
19317912,N8X 1K5,42.2982456,-83.0266621,Windsor Essex Community Health Centre - Teen Health  - Mosaics and Junior Mosaics Mood Group,False,False,False,False,False,False
21473507,N8X 1K5,42.3028187,-83.0300537,Windsor Essex Community Health Centre - Teen Health - Adolescent Substance Abuse Program,False,False,False,False,False,False
28120421,N8X 1J6,42.3028086,-83.0298488,Windsor Essex Community Health Centre - Teen Health - Eating Disorders Counselling,False,False,False,False,False,False
28120411,N8X 1J6,42.3028086,-83.0298488,Windsor Essex Community Health Centre - Teen Health - Eating Disorders Program,False,False,False,False,False,False
19317925,N8X 1K5,42.2982456,-83.0266621,Windsor Essex Community Health Centre - Teen Health - Junior Mosaics Mood Group,False,False,False,False,False,False
12401545,N8X 1K5,42.29869,-83.027075,Windsor Essex Community Health Centre - Teen Health Centre - Counselling Services,False,False,False,False,False,False
46223579,N9A 4K9,42.3158488,-83.0389373,Windsor Pride Community Education and Resource Centre - 2 Trans* Focused Groups,False,False,False,False,False,False
46240262,N9C 4H4,42.2820751,-83.0638104,Windsor Regional Children's Centre - Autism and Related Disorders Program,False,False,False,False,False,False
28120403,N9C 4H4,42.2820751,-83.0638104,Windsor Regional Children's Centre - Children and Youth Eating Disorders Program,False,False,False,False,False,False
12394856,N9C4H4,42.287381,-83.060936,Windsor Regional Children's Centre - Children's Mental Health Services,False,False,False,False,False,False
12394855,N9C 4H4,42.287381,-83.060936,Windsor Regional Children's Centre - Emergency Crisis Services,False,False,False,False,False,False
18310319,N9C 4H4,42.287381,-83.060936,Windsor Regional Children's Centre - Walk-In Crisis Clinic,False,False,False,False,False,False
18119874,N9E 1A1,42.308999,-83.033492,Windsor Regional Hospital - Acute Mental Health Program,False,False,False,False,False,False
12394858, N9A 1E1,42.3082569,-83.0323181,Windsor Regional Hospital - Community Crisis Centre,False,False,False,False,False,False
12391459, N9A 1E1,42.3082569,-83.0323181,Windsor Regional Hospital - Community Crisis Centre Mobile Team,False,False,False,False,False,False
28509895,N9A 1E1,42.3081375,-83.0315785,Windsor Regional Hospital - Community Crisis Centre Walk-In Clinic,False,False,False,False,False,False
25050554,N9A 1E1,42.3081375,-83.0315785,Windsor Regional Hospital - Inpatient Mental Health Program,False,False,False,False,False,False
25050597,N9E 1A1,42.262713,-83.0039186,Windsor Regional Hospital - Mental Health Outpatient Wellness Program,False,False,False,False,False,False
12411702,L8S 2H6,43.2521914,-79.9394933,Womankind Addiction Service - Inpatient Treatment Services,False,False,False,False,False,False
25065882,L8S 2H6,43.2521914,-79.9394933,Womankind Addiction Service - Substance Use Day Treatment,False,False,False,False,False,False
60825672,P6A 2T2,46.51002,-84.32338,Women In Crisis ,False,False,False,False,False,False
61149529,N4K 3H2,44.5868,-80.92104,Women's Centre,False,False,False,False,False,False
12403040,L6L 5G8,43.412091,-79.7052974,Women's Centre of Halton - Group Counselling,False,False,False,False,False,False
25419680,M5S 1B2,43.6615988,-79.3874511,Women's College Hospital - Child and Family Psychiatry Program,False,False,False,False,False,False
12387014,N2Z 2Z4 ,,,Women's House Serving Bruce and Grey,False,False,False,False,False,False
12373351,N2Z 2Z4,,,Women's House Serving Bruce and Grey,False,False,False,False,False,False
18123184,N4V 0A4             ,43.106451,-80.7537011,Woodstock General Hospital - Child/Youth Mental Health Services,False,False,False,False,False,False
23241501,N4V 0A4,43.106565,-80.7538992,Woodstock General Hospital - Eating Disorder Program,False,False,False,False,False,False
25316728,N4V 0A4  ,43.106451,-80.7537011,Woodstock General Hospital - Prevention and Early Intervention Program for Psychoses,False,False,False,False,False,False
25317716,N4V 0A4 ,43.106451,-80.7537011,Woodstock General Hospital - Youth Inpatient Mental Health Care Unit,False,False,False,False,False,False
46032094, L7P 0T3,43.32587,-79.8576828,Woodview Children's Centre - Intensive Behavioural Intervention (IBI) Pathways Program,False,False,False,False,False,False
12411726,N3T 5L8,43.1873122,-80.2519969,Woodview Mental Health and Autism Services - Counselling,False,False,False,False,False,False
18758226,N3T 5L8,43.1876115,-80.25116,Woodview Mental Health and Autism Services - Intensive Child and Family Services,False,False,False,False,False,False
18758244,N3T 5L8,43.1873122,-80.2519969,Woodview Mental Health and Autism Services - Wraparound Program,False,False,False,False,False,False
12403493,L4S 1N5,43.907219,-79.397937,"York Centre for Children, Youth and Families - Community Mental Health Services",False,False,False,False,False,False
46496000,L4C 3C7,43.883814,-79.4417496,York Paediatric Therapy Services - Autism Therapy,False,False,False,False,False,False
12824160,L4G 3S9,43.9879823,-79.4618901,York Support Services Network - Mobile Crisis Response Team,False,False,False,False,False,False
18310500,M6E 2K3,43.6946846,-79.4554254,Yorktown Family Services - Brief Counselling,False,False,False,False,False,False
12403636,M6E 2K3,43.6946846,-79.4554254,Yorktown Family Services - Individual and Family Therapy,False,False,False,False,False,False
18310531,M6E 2K3,43.6946846,-79.4554254,Yorktown Family Services - Walk In Counselling Services,False,False,False,False,False,False
12395509,K7K 3E1,44.2392183,-76.4845542,Youth Diversion Program - Kairos Counselling Services,False,False,False,False,False,False
29400852,K2B 7G3,45.3681801,-75.7758536,Youth Services Bureau of Ottawa - Mobile Crisis Services,False,False,False,False,False,True
19317952,K2B 8K2,45.3529511,-75.7871952,Youth Services Bureau of Ottawa - One-on-One Anger Management Program,False,False,False,False,False,False
18575482,K2B 7G3,45.3681026,-75.7757801,Youth Services Bureau of Ottawa - Wraparound Ottawa ,False,False,False,False,False,False
18122359,K2B 7G3,45.368355,-75.77503,Youth Services Bureau of Ottawa - Youth and Family Counselling,False,False,False,False,False,False
18574024,K2B 7G3,45.3681026,-75.7757801,Youth Services Bureau of Ottawa - Youth Mental Health Walk-in Clinic,False,False,False,False,False,False
12403806,M5B 1T8,43.6552191,-79.3790133,Youthdale Treatment Centres - Mental Health Services,False,False,False,False,False,False
12403807,M5B 1T8,43.6552191,-79.3790133,Youthdale Treatment Centres - Mobile Response,False,False,False,False,False,False
12411846,M1L 4A8,43.7237881,-79.2648041,YouthLink - Ongoing Counselling Services,False,False,False,False,False,False
43127146,M1L 4A8,43.7237881,-79.2648041,Youthlink - What's Up Walk In Clinic,False,False,False,False,False,False
25015782,M1L 4A8,43.717716,-79.2832121,Youthlink - YouthLink Residence,False,False,False,False,False,False
18120036,P8N 2B2,49.7810138,-92.8363437,,False,False,False,False,False,False
18122039,L0E 1R0,44.3082846,-79.3337341,,False,False,False,False,False,False
18122438,P7J 1L6,48.37166,-89.330839,,False,False,False,False,False,False
18122478,P0M 1K0,47.8430914,-83.4012792,,False,False,False,False,False,False
18122479,P5E 1G1,46.2629324,-81.7669526,,False,False,False,False,False,False
18123091,M5C 2E3,43.6502983,-79.3762199,,False,False,False,False,False,False
18706341,L1C 1P5,43.911275,-78.677518,,False,False,False,False,False,False
18706343,L0C 1H0,44.184958,-79.123185,,False,False,False,False,False,False
18706344,L1N 5S3,43.879048,-78.951107,,False,False,False,False,False,False
18706345,L9L 1B7,44.290855,-78.981281,,False,False,False,False,False,False
18706346,L1J 6G5,43.868155,-78.858086,,False,False,False,False,False,False
18706347,L1N 6A3,44.102391,-79.125699,,False,False,False,False,False,False
18722359,L9A 1C1,45.4344338,-75.6844515,,False,False,False,False,False,False
18722362,P1B 1G5,45.4344338,-75.6844515,,False,False,False,False,False,False
18722365,P3C 5P4,46.4915557,-81.004429,,False,False,False,False,False,False
18723392,P1H 1X1,45.3600746,-79.22475775,,False,False,False,False,False,False
18744034,M5B 1Z8,43.6604003,-79.3786259,,False,False,False,False,False,False
18744037,M6A 3B4,43.7164944,-79.4469404,,False,False,False,False,False,False
18744170,L9Y 4E8,44.5022103,-80.2240335,,False,False,False,False,False,False
18744194,L3Z 1X1,44.114556,-79.561459,,False,False,False,False,False,False
18744196,L4R 0B7,44.737187,-79.874695,,False,False,False,False,False,False
18758045,M2R 1N7,43.653226,-79.3831843,,True,True,True,True,True,True
19212136,L4L 9R4,43.809615,-79.550782,,False,False,False,False,False,False
19990278,L6C 3C1,43.888321,-79.3652228,,False,False,False,False,False,False
19990310,P0H 1P0,46.35937,-79.4130332,,False,False,False,False,False,False
21457079,K6V 5V2,44.601401,-75.688402,,False,False,False,False,False,False
21473340,L1J 2K5,43.8898779,-78.8796635,,False,False,False,False,False,False
22784772,P5A 2A7,46.385099,-82.64746,,True,True,True,True,True,True
25065979,N2L 3L5,43.4642578,-80.5204096,,False,False,False,False,False,False
25065981,N2L 3L5,43.4664115,-80.5236962,,False,False,False,False,False,False
25065986,N2L 3L5,43.4664115,-80.5204096,,False,False,False,False,False,False
25558666,N0M 1S2,43.7502864,-81.7047763,,False,False,False,False,False,False
25558668,N0K 1W0,43.5512761,-81.3952691,,False,False,False,False,False,False
25558669,N0G 2W0,43.7502864,-81.7047763,,False,False,False,False,False,False
25960029,P3E 1B1,46.49,-81.01,,False,False,False,False,False,False
30415481,K8P 4E3,44.1627589,-77.3832315,,False,False,False,False,False,False
45980893,P9N 3P7,49.762688,-94.52759,,False,False,False,False,False,False
22784866,K8N 2Z2,44.1639778,-77.384226,,False,False,False,False,False,False
30415431,K8P 4E3,44.1627589,-77.3832315,,False,False,False,False,False,False
30415432,K0L 1C0,44.1627589,-77.3832315,,False,False,False,False,False,False
30415433,K0K 2T0,44.1627589,-77.3832315,,False,False,False,False,False,False
30415434,K0K 2T0,44.1627589,-77.3832315,,False,False,False,False,False,False
30415435,K8V 4W5,44.1627589,-77.3832315,,False,False,False,False,False,False
25226381,K7R 1J1,44.2346526,-76.5072123,Addiction and Mental Health Services - Kingston Frontenac Lennox and Addington - Concurrent Disorders,False,False,False,False,False,False
25226379,K7R 1J1,44.2346526,-76.5072123,Addiction and Mental Health Services - Kingston Frontenac Lennox and Addington - Residential Services,False,False,False,False,False,False
25226366,K7R 1J1,44.2486986,-76.9479195,Addiction and Mental Health Services - Kingston Frontenac Lennox and Addington - Young Addiction Services,False,False,False,False,False,False
12405097,M6K 3B6,43.6377873,-79.4415376,Arrabon House - Residential Treatment Services,False,False,False,True,False,True
12390323,P7B 1N6,48.4355678,-89.2314831,Catholic Family Development Centre - Counselling,False,False,False,False,False,False
12391208,M1V 5E7,43.808016,-79.2894998,Chinese Family Services Of Ontario - Youth and Drug Program,False,False,False,False,False,False
32728114,N4K 2H7,44.5690305,-80.9405602,CMHA - Grey Bruce - Community Mental Health Agency,False,False,False,False,False,False
12411328,P7A 4B8,48.4379577,-89.2231851,Canadian Mental Health Association - Thunder Bay - Crisis Response Services,False,False,False,False,False,False
41405020,K6H 1Y6,45.0202132,-74.7238024,Cornwall Community Hospital - Children's Mental Health Services - Youth Transition Improvement Program (YTIP),False,False,False,False,False,False
18770632,N8M 2E1,42.1785274,-82.8289962,Essex Youth Centre - Counselling,False,False,False,False,False,False
12394004,L1H 5L8,43.928376,-78.877044,Frontenac Youth Services - Community Services Program,False,False,False,False,False,False
12396527,N2J 3Z4,43.5004004,-80.5680103,Lutherwood - Autism Support Service: ASPEN,False,False,False,False,False,False
17209507,L5T 2Y6,43.64673,-79.702178,Nexus Youth Services - Community Counselling,False,False,False,True,True,False
12399796,P2B 3K2,46.3235091,-79.8722785,Nipissing First Nation - Right Path Counselling and Prevention Services,False,False,False,False,False,False
19400062,P6C 0C4,46.531511,-84.261356,Nog-Da-Win-Da-Min and Community Services - Mino Madzwin Anger Management Program,False,False,False,False,False,False
12398060,M4X 1G7,43.6684831,-79.3703175,Obsessive Compulsive Disorder Helpline,False,False,False,False,False,False
12400862,K1K 1X7,45.4243541,-75.6614002,Ottawa Inuit Children's Centre - Mental Health Program,False,False,False,False,False,False
12410260,L4W 1E3,43.6385273,-79.6253897,Peel Addiction Assessment and Referral Centre - Assessment and Treatment Planning,False,False,False,False,False,False
18121838,K9A 5T3,43.9731909,-78.1592936,Rebound Child and Youth Services - Youth Outreach Under 18 Responsive Service,False,False,False,False,False,False
12400302,K1G 4K3,45.3877427,-75.6157523,Serenity Renewal For Families - Substance Abuse Counselling,False,False,False,False,False,False
31224824,M4Y 2H4,43.6656243,-79.3781869,SickKids Centre for Community Mental Health - Adolescent Assessment Team,False,False,False,False,False,False
23241638,L3Y 2P9,44.0602265,-79.4522927,Southlake Regional Health Centre - Child and Adolescent Eating Disorders Program,False,False,False,False,False,False
46437908,L2R 3N2,43.1603764,-79.2410621,Transgender Niagara - Transgender Support Group,True,False,False,True,True,True
18226647,L4S 1N5,43.907899,-79.3980373,"York Centre for Children, Youth and Families - Community Group Services",False,False,False,False,False,False
